{"type": "FeatureCollection", "name": "canh_bao_sat_lo_LaoCai", "metadata": {"cap_nhat": "2026-10-07T08:24:13+07:00", "nguon": "Open-Meteo ECMWF IFS 0,25° + mưa vệ tinh GSMaP/IMERG + tổ hợp 82 kịch bản (ecmwf_ifs025, gfs025)", "he_toa_do": "WGS84 (EPSG:4326)", "muc": {"0": "An toàn", "1": "Cần chú ý", "2": "Nguy hiểm", "3": "Đạt ngưỡng trượt"}, "trang": "https://chaulan1981.github.io/Du-bao-sat-truot-QL6/lao-cai/"}, "features": [{"type": "Feature", "geometry": {"type": "LineString", "coordinates": [[104.13101, 22.81148], [104.12986, 22.80924], [104.13011, 22.80825], [104.12752, 22.80618], [104.12759, 22.8027], [104.12611, 22.8023], [104.12544, 22.80111], [104.12747, 22.80062], [104.12823, 22.79939], [104.13033, 22.79841], [104.1258, 22.79739], [104.12404, 22.79784], [104.12181, 22.79605], [104.12044, 22.79679], [104.11592, 22.79554], [104.11511, 22.79138], [104.11715, 22.78867], [104.11277, 22.78157], [104.1139, 22.78071], [104.11495, 22.77703], [104.11606, 22.77642], [104.11679, 22.77442], [104.11946, 22.77251], [104.11958, 22.77039], [104.11903, 22.76961], [104.11718, 22.77219], [104.11717, 22.76832], [104.11634, 22.76811], [104.11385, 22.76443], [104.11213, 22.76345], [104.10983, 22.76407], [104.1086, 22.75905], [104.10894, 22.75627], [104.10511, 22.75214], [104.10571, 22.75105], [104.10532, 22.74807], [104.10411, 22.74616], [104.10378, 22.74313], [104.10447, 22.74273], [104.10463, 22.7409], [104.10441, 22.73213], [104.10551, 22.73071], [104.10527, 22.72797], [104.10615, 22.72695], [104.10555, 22.72621], [104.1064, 22.72578], [104.10729, 22.7216], [104.10638, 22.71935], [104.10623, 22.71408], [104.10496, 22.71337], [104.10472, 22.71132], [104.10651, 22.71106], [104.10751, 22.70979], [104.10687, 22.70769], [104.10822, 22.70705], [104.11002, 22.7079], [104.11041, 22.70641], [104.11189, 22.70591], [104.10951, 22.70435], [104.11059, 22.70286], [104.10665, 22.69828], [104.1066, 22.69705], [104.10713, 22.69542], [104.10854, 22.69556], [104.11113, 22.69264], [104.11053, 22.69039], [104.1117, 22.68882], [104.11096, 22.68656], [104.11273, 22.68453], [104.11038, 22.68107], [104.10785, 22.6793], [104.11, 22.67816], [104.10806, 22.67619], [104.10612, 22.67631], [104.10457, 22.67472], [104.10165, 22.67359], [104.1008, 22.67025], [104.09767, 22.66652], [104.09779, 22.66486], [104.09529, 22.66322], [104.09572, 22.66073], [104.09794, 22.6572], [104.0989, 22.65848], [104.09882, 22.65675], [104.09787, 22.65612], [104.09922, 22.65466], [104.09865, 22.65199], [104.09979, 22.64213], [104.0984, 22.639], [104.09578, 22.63586], [104.0958, 22.63472], [104.09175, 22.63239], [104.09117, 22.62755], [104.08866, 22.61989], [104.09038, 22.61369], [104.08925, 22.61259], [104.08942, 22.6104], [104.08767, 22.60665], [104.08806, 22.60584], [104.08398, 22.597], [104.07791, 22.59857], [104.07805, 22.59712], [104.07589, 22.59502], [104.07421, 22.58979], [104.07471, 22.58891], [104.07357, 22.58748], [104.07442, 22.5851], [104.07416, 22.58238], [104.07279, 22.58019], [104.07248, 22.577], [104.07032, 22.57241], [104.06932, 22.56813], [104.07081, 22.56467], [104.07127, 22.55853], [104.06984, 22.55782], [104.06659, 22.55363], [104.06581, 22.5512], [104.06167, 22.54894], [104.05922, 22.54491], [104.05797, 22.54428], [104.05909, 22.54131], [104.05989, 22.54106], [104.06276, 22.53254], [104.06208, 22.53206], [104.05951, 22.53375], [104.06075, 22.53084], [104.05979, 22.5278], [104.05713, 22.52608], [104.05656, 22.52723], [104.05407, 22.52691], [104.05188, 22.52769], [104.04874, 22.52439], [104.04776, 22.52128], [104.04584, 22.52145], [104.04369, 22.51976], [104.04444, 22.51901], [104.04376, 22.51803], [104.03961, 22.5203], [104.03791, 22.52214], [104.03482, 22.52275], [104.03496, 22.52138], [104.03342, 22.52135], [104.0326, 22.52035], [104.03362, 22.51977], [104.03269, 22.51717], [104.03337, 22.51623], [104.03297, 22.51492], [104.03392, 22.51471]]}, "properties": {"loai": "khu_vuc", "id": "QL4D", "tinh": "QL4D", "km0": 0, "km1": 100, "muc": [0, 0, 0, 0], "muc_chu": ["An toàn", "An toàn", "An toàn", "An toàn"], "ngay": ["2026-10-07", "2026-10-08", "2026-10-09", "2026-10-10"], "xac_suat_dat_nguong": [0.0, 0.0, 0.0, 0.0], "he_so_an_toan_nho_nhat": [1.395, 1.396, 1.397, 1.398], "cap": "https://chaulan1981.github.io/Du-bao-sat-truot-QL6/lao-cai/data/cap/QL4D.xml"}}, {"type": "Feature", "geometry": {"type": "LineString", "coordinates": [[103.88001, 21.88173], [103.88343, 21.88112], [103.8836, 21.87783], [103.88597, 21.87568], [103.88697, 21.87752], [103.88935, 21.87538], [103.89281, 21.87653], [103.89515, 21.87446], [103.89776, 21.87612], [103.89957, 21.87609], [103.89899, 21.8728], [103.90031, 21.87092], [103.9011, 21.87327], [103.90264, 21.87403], [103.90479, 21.87407], [103.90563, 21.87276], [103.90778, 21.87303], [103.90844, 21.87447], [103.91142, 21.87436], [103.91577, 21.87632], [103.92134, 21.87681], [103.92336, 21.87647], [103.9258, 21.87447], [103.92611, 21.87348], [103.92485, 21.87244], [103.92546, 21.87124], [103.9289, 21.87047], [103.93096, 21.87105], [103.9314, 21.87509], [103.93385, 21.87674], [103.9346, 21.87694], [103.93927, 21.87448], [103.94099, 21.87454], [103.9424, 21.87604], [103.94198, 21.87697], [103.94361, 21.87828], [103.94636, 21.87888], [103.95152, 21.88243], [103.95576, 21.88169], [103.95998, 21.8797], [103.96391, 21.8761], [103.96533, 21.87549], [103.96736, 21.87591], [103.97073, 21.8743], [103.97286, 21.87202], [103.98347, 21.87457], [103.98704, 21.87673], [103.98958, 21.87558], [103.98963, 21.87314], [103.99063, 21.87178], [103.992, 21.87259], [103.99465, 21.87134], [103.99576, 21.87177], [104.00032, 21.86887], [104.00274, 21.87075], [104.00601, 21.86875], [104.00785, 21.87012], [104.00917, 21.8702], [104.01018, 21.86917], [104.01123, 21.86523], [104.01397, 21.86425], [104.01675, 21.86642], [104.0212, 21.86534], [104.02445, 21.866], [104.0259, 21.86536], [104.02788, 21.8664], [104.0285, 21.86579], [104.02834, 21.86414], [104.0306, 21.86418], [104.03381, 21.86293], [104.0351, 21.8608], [104.03817, 21.86201], [104.0391, 21.86025], [104.04365, 21.86028], [104.04425, 21.86166], [104.04531, 21.85955], [104.04937, 21.86307], [104.05042, 21.8632], [104.05252, 21.86149], [104.05249, 21.85993], [104.05145, 21.8588], [104.05194, 21.85825], [104.05446, 21.85877], [104.05867, 21.85681], [104.06158, 21.85735], [104.06353, 21.85859], [104.06526, 21.85873], [104.06619, 21.8581], [104.06927, 21.85899], [104.07031, 21.85853], [104.07068, 21.85703], [104.0722, 21.85766], [104.07473, 21.85737], [104.07927, 21.85542], [104.08305, 21.85275], [104.09487, 21.84916], [104.09531, 21.84777], [104.0995, 21.84581], [104.10267, 21.84265], [104.1051, 21.84171], [104.1089, 21.83762], [104.10818, 21.8338], [104.11106, 21.82979], [104.111, 21.82853], [104.11212, 21.82886], [104.11544, 21.82749], [104.11908, 21.8241], [104.12087, 21.8241], [104.12153, 21.82336], [104.12562, 21.82227], [104.13015, 21.81726], [104.13241, 21.81676], [104.13482, 21.81167], [104.13606, 21.81143], [104.13831, 21.80934], [104.14024, 21.80982], [104.14307, 21.80823], [104.14353, 21.80678], [104.14158, 21.80667], [104.14299, 21.80413], [104.14583, 21.80562], [104.14688, 21.80453], [104.14918, 21.80482], [104.14819, 21.80183], [104.15084, 21.79941], [104.14814, 21.7974], [104.14802, 21.79608], [104.14991, 21.7934], [104.14936, 21.79128], [104.15232, 21.79088], [104.15258, 21.78835], [104.15336, 21.78719], [104.15464, 21.78692], [104.15386, 21.78584], [104.1554, 21.78303], [104.15409, 21.78092], [104.15695, 21.78056], [104.15651, 21.77902], [104.1582, 21.7782], [104.15683, 21.7751], [104.1584, 21.77456], [104.1601, 21.77574], [104.16206, 21.77335], [104.16192, 21.77208], [104.1636, 21.77162], [104.16447, 21.76918], [104.16693, 21.76647], [104.17004, 21.765], [104.17242, 21.76732], [104.17345, 21.76732], [104.18042, 21.76368], [104.18102, 21.7626], [104.18296, 21.76307], [104.18605, 21.76088], [104.18862, 21.76038], [104.19086, 21.76113], [104.19117, 21.76288], [104.1923, 21.76201], [104.1947, 21.76171], [104.19515, 21.76014], [104.19655, 21.75988], [104.19681, 21.75846], [104.19931, 21.75727], [104.20034, 21.75796], [104.20217, 21.75787], [104.20399, 21.75576], [104.20356, 21.75389], [104.20653, 21.75228], [104.20907, 21.75212], [104.21074, 21.74915], [104.21287, 21.7479], [104.21873, 21.74728], [104.22065, 21.74997], [104.22322, 21.74954], [104.22331, 21.75087], [104.22472, 21.75256], [104.22529, 21.75115], [104.22654, 21.75203], [104.22747, 21.75127], [104.22987, 21.75224], [104.23073, 21.75044], [104.23199, 21.75127], [104.23242, 21.74929], [104.23412, 21.75211], [104.23497, 21.75168], [104.23653, 21.75238], [104.23641, 21.75043], [104.23963, 21.75134], [104.2415, 21.74979], [104.24319, 21.75158], [104.24522, 21.75582], [104.2462, 21.75517], [104.24657, 21.75251], [104.24788, 21.75335], [104.24852, 21.75248], [104.25107, 21.75322], [104.25317, 21.75179], [104.25726, 21.75169], [104.25899, 21.74734], [104.26312, 21.7499], [104.26439, 21.75176], [104.26472, 21.75466], [104.26538, 21.75487], [104.26662, 21.75294], [104.26824, 21.75247], [104.26843, 21.75048], [104.26643, 21.74976], [104.26624, 21.74766], [104.26827, 21.74651], [104.27003, 21.74661], [104.27126, 21.74538], [104.27165, 21.74393], [104.27086, 21.74239], [104.27393, 21.74342], [104.27479, 21.74185], [104.27793, 21.74077], [104.27908, 21.73868], [104.27923, 21.74151], [104.27744, 21.74272], [104.27812, 21.74456], [104.27628, 21.7446], [104.27627, 21.7463], [104.27475, 21.74739], [104.27611, 21.74867], [104.27531, 21.75058], [104.27749, 21.75208], [104.27454, 21.75718], [104.27604, 21.7595], [104.27402, 21.76183], [104.27431, 21.7644], [104.2729, 21.76561], [104.27306, 21.76749], [104.27135, 21.76976], [104.27214, 21.77099], [104.27071, 21.77174], [104.27464, 21.7749], [104.2705, 21.77544], [104.27113, 21.77762], [104.2706, 21.77861], [104.27271, 21.77916], [104.27076, 21.78185], [104.27323, 21.78335], [104.27419, 21.783], [104.2764, 21.78522], [104.27863, 21.78627], [104.28495, 21.78731], [104.28652, 21.79015], [104.29416, 21.78939], [104.30009, 21.79037], [104.30791, 21.78789], [104.31113, 21.78886], [104.31377, 21.7883], [104.31929, 21.78645], [104.32081, 21.78514], [104.32156, 21.78591], [104.32138, 21.78777], [104.32868, 21.78073], [104.32886, 21.77828], [104.33087, 21.77568], [104.3348, 21.77483], [104.33933, 21.76879], [104.33986, 21.76509], [104.33846, 21.76373], [104.33792, 21.76181], [104.33887, 21.75778], [104.338, 21.75561], [104.33875, 21.75457], [104.33861, 21.75134], [104.33959, 21.7507], [104.34077, 21.74759], [104.34099, 21.74556], [104.34007, 21.74457], [104.34087, 21.74307], [104.33461, 21.73639], [104.33465, 21.73567], [104.33723, 21.73603], [104.34179, 21.73381], [104.34391, 21.73766], [104.34656, 21.73709], [104.35104, 21.73358], [104.34986, 21.73079], [104.35175, 21.73276], [104.35236, 21.73494], [104.35286, 21.73383], [104.35187, 21.73006], [104.35554, 21.72909], [104.35822, 21.72973], [104.35851, 21.73115], [104.35989, 21.73116], [104.36056, 21.728], [104.36462, 21.72652], [104.3666, 21.72503], [104.36894, 21.72664], [104.36854, 21.72524], [104.36944, 21.724], [104.37171, 21.72521], [104.37584, 21.73165], [104.3796, 21.72934], [104.38307, 21.72971], [104.38289, 21.72638], [104.38519, 21.72579], [104.3882, 21.7276], [104.39155, 21.72791], [104.39243, 21.72727], [104.39467, 21.72738], [104.39374, 21.72684], [104.39376, 21.725], [104.39588, 21.72664], [104.39892, 21.7277], [104.40084, 21.72752], [104.40212, 21.72864], [104.4043, 21.7286], [104.41202, 21.73234], [104.41571, 21.73172], [104.41617, 21.73042], [104.41829, 21.72912], [104.42379, 21.7295], [104.42484, 21.72856], [104.42603, 21.72909], [104.43164, 21.72638], [104.43501, 21.72584], [104.43902, 21.7201], [104.43875, 21.71842], [104.4429, 21.71429], [104.44285, 21.71271], [104.4441, 21.71141], [104.44415, 21.71023], [104.446, 21.70843], [104.44616, 21.70085], [104.44424, 21.70061], [104.44312, 21.69903], [104.44395, 21.69831], [104.44705, 21.69939], [104.44903, 21.6974], [104.45121, 21.69715], [104.45245, 21.69603], [104.45103, 21.69307], [104.45226, 21.69235], [104.45201, 21.69089], [104.4531, 21.69079], [104.4542, 21.68754], [104.45578, 21.68694], [104.45569, 21.68488], [104.45466, 21.68358], [104.45779, 21.68372], [104.45775, 21.68483], [104.45972, 21.68755], [104.46243, 21.68755], [104.46311, 21.68674], [104.46516, 21.6886], [104.46583, 21.68719], [104.46675, 21.68803], [104.46756, 21.68723], [104.46707, 21.68998], [104.46794, 21.69038], [104.46966, 21.68756], [104.47159, 21.6875], [104.4721, 21.68683], [104.47131, 21.6849], [104.47427, 21.68557], [104.47462, 21.68462], [104.47548, 21.68448], [104.47566, 21.68285], [104.47879, 21.67909], [104.47843, 21.6764], [104.47906, 21.67468], [104.48528, 21.67612], [104.48573, 21.67217], [104.48959, 21.66813], [104.48985, 21.66552], [104.49243, 21.6586], [104.49371, 21.65811], [104.49541, 21.65866], [104.49721, 21.65793], [104.50076, 21.65459], [104.50102, 21.65071], [104.50034, 21.64884], [104.50114, 21.64668], [104.50034, 21.64366], [104.5011, 21.64031], [104.50263, 21.63841], [104.50487, 21.63121], [104.50804, 21.62748], [104.50924, 21.62484], [104.50921, 21.62139], [104.50606, 21.61201], [104.50622, 21.61064], [104.5147, 21.60996], [104.51993, 21.60354], [104.52014, 21.59202], [104.52739, 21.58708], [104.52606, 21.58326], [104.53128, 21.56723], [104.53421, 21.56534], [104.53539, 21.56363], [104.53844, 21.5621], [104.5478, 21.56], [104.55066, 21.55861], [104.55547, 21.55872], [104.55998, 21.56172], [104.56446, 21.56332], [104.56595, 21.56521], [104.56991, 21.56604], [104.57419, 21.5654], [104.57691, 21.56603], [104.57936, 21.56499], [104.58479, 21.56451], [104.58738, 21.56487], [104.59114, 21.56204], [104.59897, 21.56324], [104.6014, 21.56203], [104.60585, 21.56152], [104.61024, 21.55762], [104.61345, 21.55777], [104.6154, 21.55705], [104.61825, 21.55894], [104.62102, 21.55872], [104.62485, 21.555], [104.62956, 21.55227], [104.6323, 21.55274], [104.63444, 21.5512], [104.63729, 21.5505], [104.63921, 21.54666], [104.64261, 21.5455], [104.64688, 21.54248], [104.64905, 21.54183], [104.65065, 21.5429], [104.65869, 21.54257], [104.66202, 21.53444], [104.66514, 21.53274], [104.66913, 21.52898], [104.67144, 21.52947], [104.67094, 21.52774], [104.67316, 21.52592], [104.67732, 21.52426], [104.67805, 21.52028], [104.67977, 21.51933], [104.68193, 21.51593], [104.68356, 21.51631], [104.68604, 21.51525], [104.68939, 21.5174], [104.69073, 21.51707], [104.69679, 21.51319], [104.69884, 21.51024], [104.70037, 21.5097], [104.70542, 21.50486], [104.70836, 21.5059], [104.70801, 21.50246], [104.71005, 21.49984], [104.71001, 21.49876], [104.7199, 21.49088], [104.72359, 21.48915], [104.72442, 21.48722], [104.73121, 21.48068], [104.7328, 21.477], [104.73709, 21.47603], [104.74051, 21.4718], [104.74469, 21.47081], [104.76531, 21.45219], [104.7824, 21.43226], [104.78245, 21.43068], [104.78442, 21.42921], [104.78415, 21.42622], [104.78676, 21.42484], [104.79427, 21.4132], [104.79914, 21.40852], [104.79997, 21.40437], [104.80406, 21.39785], [104.80648, 21.39693], [104.80921, 21.3902], [104.81035, 21.38968], [104.81273, 21.39027], [104.81482, 21.38794], [104.81892, 21.38649], [104.82084, 21.38272], [104.82584, 21.38358], [104.82891, 21.38213], [104.82987, 21.38066], [104.83077, 21.3828], [104.8339, 21.38054], [104.83627, 21.38234], [104.83737, 21.3816], [104.84008, 21.38184], [104.8413, 21.37936], [104.84561, 21.37728], [104.8463, 21.37783], [104.84555, 21.37963], [104.84735, 21.37935], [104.84818, 21.37844], [104.84809, 21.37715], [104.85058, 21.37494], [104.85071, 21.37275], [104.8529, 21.36991], [104.85245, 21.3681], [104.85352, 21.36847], [104.85554, 21.36712], [104.86076, 21.36005], [104.86225, 21.36003], [104.86236, 21.35849], [104.86372, 21.35705], [104.86352, 21.35611], [104.86132, 21.35522], [104.86239, 21.35179], [104.86511, 21.34764], [104.86774, 21.34534], [104.86835, 21.34268], [104.87017, 21.33982]]}, "properties": {"loai": "khu_vuc", "id": "QL32", "tinh": "QL32", "km0": 0, "km1": 185, "muc": [0, 0, 0, 0], "muc_chu": ["An toàn", "An toàn", "An toàn", "An toàn"], "ngay": ["2026-10-07", "2026-10-08", "2026-10-09", "2026-10-10"], "xac_suat_dat_nguong": [0.0, 0.0, 0.0, 0.0], "he_so_an_toan_nho_nhat": [1.395, 1.396, 1.397, 1.397], "cap": "https://chaulan1981.github.io/Du-bao-sat-truot-QL6/lao-cai/data/cap/QL32.xml"}}, {"type": "Feature", "geometry": {"type": "LineString", "coordinates": [[105.0768, 21.68063], [105.07454, 21.67938], [105.07184, 21.68], [105.06951, 21.67821], [105.06713, 21.67768], [105.06175, 21.67699], [105.05787, 21.67792], [105.05451, 21.6748], [105.04882, 21.67463], [105.04563, 21.67555], [105.04486, 21.67507], [105.04353, 21.67642], [105.03974, 21.67385], [105.03842, 21.67444], [105.03716, 21.67393], [105.03515, 21.67187], [105.0324, 21.67226], [105.03046, 21.67156], [105.02731, 21.67391], [105.02519, 21.67315], [105.02071, 21.67403], [105.01797, 21.67645], [105.01295, 21.67802], [105.01005, 21.6818], [104.99957, 21.68774], [104.99904, 21.6888], [104.99458, 21.68966], [104.99401, 21.69119], [104.99564, 21.69359], [104.99459, 21.69539], [104.99695, 21.69865], [104.9962, 21.70161], [104.99669, 21.70526], [104.9955, 21.70632], [104.99558, 21.70917], [104.99454, 21.71153], [104.98946, 21.71622], [104.98684, 21.71971], [104.98323, 21.72148], [104.98172, 21.72088], [104.97723, 21.72162], [104.97254, 21.72454], [104.96221, 21.72621], [104.96144, 21.7294], [104.95903, 21.73263], [104.95649, 21.73252], [104.9542, 21.73361], [104.95135, 21.73344], [104.95056, 21.73455], [104.95098, 21.73606], [104.94932, 21.73861], [104.94782, 21.73968], [104.94625, 21.73925], [104.94211, 21.74053], [104.94191, 21.74561], [104.94083, 21.74613], [104.93831, 21.74566], [104.93785, 21.74679], [104.93992, 21.75043], [104.93946, 21.75419], [104.9325, 21.76126], [104.92972, 21.76139], [104.92321, 21.76384], [104.92342, 21.76543], [104.92054, 21.77207], [104.92154, 21.77407], [104.91636, 21.78055], [104.91504, 21.78432], [104.9161, 21.78567], [104.91436, 21.7865], [104.91485, 21.7876], [104.91393, 21.78849], [104.91506, 21.78985], [104.91754, 21.78953], [104.91644, 21.79058], [104.91721, 21.7913], [104.91721, 21.79272], [104.91559, 21.79387], [104.91437, 21.79379], [104.9147, 21.79499], [104.91352, 21.7957], [104.91225, 21.79832], [104.90808, 21.79957], [104.90205, 21.80512], [104.90024, 21.80572], [104.8999, 21.80666], [104.89857, 21.80666], [104.89475, 21.81176], [104.89192, 21.81363], [104.88845, 21.81848], [104.88591, 21.81862], [104.88574, 21.8197], [104.88293, 21.81996], [104.88013, 21.82213], [104.88054, 21.82391], [104.87986, 21.82552], [104.87556, 21.8294], [104.87241, 21.83486], [104.87072, 21.83576], [104.87086, 21.83825], [104.86482, 21.84338], [104.86528, 21.84489], [104.86249, 21.84856], [104.86225, 21.85233], [104.85871, 21.8556], [104.85496, 21.8574], [104.85119, 21.86118], [104.8464, 21.86856], [104.84585, 21.8705], [104.84246, 21.87462], [104.84298, 21.87704], [104.84182, 21.88015], [104.83912, 21.88236], [104.83833, 21.88471], [104.83536, 21.88635], [104.83333, 21.88662], [104.83143, 21.88828], [104.82826, 21.89444], [104.8252, 21.89633], [104.82477, 21.89758], [104.8196, 21.90215], [104.81748, 21.90551], [104.81033, 21.91179], [104.80945, 21.91342], [104.80957, 21.91548], [104.80345, 21.91926], [104.80242, 21.92148], [104.79941, 21.92277], [104.79878, 21.92407], [104.7953, 21.92673], [104.79405, 21.92933], [104.78895, 21.93271], [104.78623, 21.93615], [104.78611, 21.93992], [104.7841, 21.94211], [104.78245, 21.94252], [104.78071, 21.94191], [104.77869, 21.94492], [104.77548, 21.94628], [104.77222, 21.95111], [104.77041, 21.95226], [104.76689, 21.95785], [104.76419, 21.9591], [104.76408, 21.96021], [104.76252, 21.96085], [104.76136, 21.96414], [104.75954, 21.96538], [104.75871, 21.96769], [104.75504, 21.97087], [104.7531, 21.97092], [104.75152, 21.97259], [104.75026, 21.97471], [104.75079, 21.9763], [104.74768, 21.97904], [104.74759, 21.98186], [104.74046, 21.98847], [104.73927, 21.99181], [104.73762, 21.99274], [104.73284, 21.99978], [104.73166, 22.0002], [104.7292, 22.0075], [104.72548, 22.0091], [104.72303, 22.00844], [104.72071, 22.00968], [104.71976, 22.01108], [104.71874, 22.01048], [104.71723, 22.01135], [104.71714, 22.0131], [104.71558, 22.01432], [104.71564, 22.01501], [104.7139, 22.01542], [104.71102, 22.0197], [104.70909, 22.02037], [104.70702, 22.02317], [104.70555, 22.02325], [104.70331, 22.02515], [104.7034, 22.02771], [104.70268, 22.02871], [104.69959, 22.03047], [104.69721, 22.03068], [104.69501, 22.03228], [104.6927, 22.03204], [104.6874, 22.03719], [104.68011, 22.041], [104.6742, 22.04296], [104.67236, 22.04444], [104.67241, 22.04576], [104.66984, 22.04787], [104.66873, 22.05024], [104.66714, 22.05095], [104.66678, 22.0535], [104.66864, 22.05625], [104.66725, 22.0578], [104.66765, 22.06017], [104.66959, 22.0631], [104.67168, 22.06382], [104.67115, 22.0668], [104.67241, 22.06728], [104.67316, 22.07122], [104.67262, 22.07314], [104.67323, 22.07624], [104.67218, 22.07705], [104.67149, 22.07909], [104.66771, 22.08112], [104.67082, 22.08277], [104.67085, 22.084], [104.66966, 22.08531], [104.67137, 22.08789], [104.6697, 22.09024], [104.67349, 22.09163], [104.67444, 22.09388], [104.67562, 22.09295], [104.67919, 22.09482], [104.67474, 22.10181], [104.66962, 22.10685], [104.66323, 22.11028], [104.66003, 22.11547], [104.65836, 22.11537], [104.65453, 22.11878], [104.65257, 22.11929], [104.64533, 22.12793], [104.64434, 22.13187], [104.64099, 22.13164], [104.6327, 22.13868], [104.63072, 22.14144], [104.62865, 22.14175], [104.62706, 22.14406], [104.62223, 22.14833], [104.61933, 22.15019], [104.6169, 22.15037], [104.61558, 22.1513], [104.61484, 22.15297], [104.61359, 22.15338], [104.6078, 22.16033], [104.60673, 22.16041], [104.60555, 22.1643], [104.60398, 22.16538], [104.60216, 22.1647], [104.60112, 22.16527], [104.59944, 22.16915], [104.59721, 22.16986], [104.59683, 22.17091], [104.59328, 22.17211], [104.58982, 22.17557], [104.58719, 22.17702], [104.58386, 22.17725], [104.58371, 22.17835], [104.58081, 22.18054], [104.58059, 22.18145], [104.57458, 22.18506], [104.57156, 22.18816], [104.56716, 22.19015], [104.5641, 22.19398], [104.5614, 22.19571], [104.55546, 22.19727], [104.55183, 22.2], [104.55029, 22.20043], [104.5484, 22.1996], [104.54351, 22.19914], [104.53449, 22.20363], [104.53245, 22.20351], [104.53207, 22.20453], [104.52678, 22.20762], [104.52348, 22.21106], [104.51691, 22.21298], [104.51235, 22.21283], [104.51296, 22.21126], [104.51221, 22.21019], [104.50977, 22.21083], [104.50643, 22.21008], [104.50425, 22.21045], [104.49686, 22.21873], [104.49427, 22.21965], [104.49025, 22.21875], [104.487, 22.22074], [104.48572, 22.22527], [104.47945, 22.22927], [104.47633, 22.23269], [104.4781, 22.23669], [104.47541, 22.23959], [104.47174, 22.24075], [104.47239, 22.2422], [104.47031, 22.24451], [104.46843, 22.24426], [104.46789, 22.24317], [104.46509, 22.24422], [104.46302, 22.24259], [104.45998, 22.24374], [104.45768, 22.24558], [104.45627, 22.24538], [104.45557, 22.24631], [104.45405, 22.24631], [104.45307, 22.24741], [104.45047, 22.24702], [104.45043, 22.2479], [104.44828, 22.24913], [104.44658, 22.25154], [104.44471, 22.25155], [104.44391, 22.25242], [104.44429, 22.25432], [104.44173, 22.25397], [104.43711, 22.25621], [104.43393, 22.25899], [104.43151, 22.26002], [104.43041, 22.26164], [104.42787, 22.2613], [104.42728, 22.2597], [104.42543, 22.26038], [104.42286, 22.26303], [104.41715, 22.26629], [104.41434, 22.26703], [104.41356, 22.26909], [104.40667, 22.27322], [104.40745, 22.27542], [104.40591, 22.27628], [104.40321, 22.27632], [104.40234, 22.27758], [104.40034, 22.2779], [104.39718, 22.28217], [104.39817, 22.27957], [104.39698, 22.27913], [104.39429, 22.28009], [104.39268, 22.2797], [104.39257, 22.2813], [104.38793, 22.28343], [104.3875, 22.2819], [104.38626, 22.28237], [104.38463, 22.28376], [104.3846, 22.28538], [104.38231, 22.2871], [104.3806, 22.28706], [104.37935, 22.28944], [104.37761, 22.28997], [104.37542, 22.29191], [104.36835, 22.29325], [104.36472, 22.29595], [104.36387, 22.29499], [104.36345, 22.29631], [104.36022, 22.29781], [104.35231, 22.30434], [104.34826, 22.30542], [104.3481, 22.3064], [104.34282, 22.3097], [104.33941, 22.31036], [104.33464, 22.31327], [104.33189, 22.31377], [104.33125, 22.31474], [104.33265, 22.31606], [104.33255, 22.31686], [104.33152, 22.31679], [104.32748, 22.31957], [104.31345, 22.32679], [104.31033, 22.3297], [104.30341, 22.33373], [104.29403, 22.34116], [104.28869, 22.34746], [104.287, 22.34822], [104.28498, 22.34782], [104.28246, 22.35025], [104.27819, 22.3525], [104.27692, 22.35427], [104.27351, 22.35581], [104.27143, 22.35788], [104.27074, 22.35965], [104.26594, 22.36407], [104.25971, 22.36675], [104.25826, 22.36831], [104.25483, 22.36873], [104.254, 22.36981], [104.24976, 22.37192], [104.24875, 22.37383], [104.24757, 22.37397], [104.24277, 22.37752], [104.24352, 22.38006], [104.24313, 22.38097], [104.23882, 22.3829], [104.23889, 22.38529], [104.23646, 22.38821], [104.23427, 22.3866], [104.2295, 22.38746], [104.22741, 22.38944], [104.22649, 22.39278], [104.22285, 22.39344], [104.21717, 22.39692], [104.21512, 22.39733], [104.21275, 22.39954], [104.21217, 22.40112], [104.2105, 22.40186], [104.20876, 22.40464], [104.20609, 22.40673], [104.19717, 22.41122], [104.18356, 22.4245], [104.18109, 22.42586], [104.1755, 22.42679], [104.17297, 22.42817], [104.16939, 22.42789], [104.16415, 22.43287], [104.1616, 22.43368], [104.16113, 22.43663], [104.15944, 22.4396], [104.15796, 22.44021], [104.15643, 22.43969], [104.15325, 22.44018], [104.15156, 22.44106], [104.14996, 22.44063], [104.14975, 22.44326], [104.15188, 22.4479], [104.15169, 22.44929], [104.13761, 22.46126], [104.13731, 22.46247], [104.13263, 22.46588], [104.13168, 22.46762], [104.13207, 22.469], [104.12998, 22.47184], [104.12726, 22.47292], [104.1227, 22.47775], [104.11682, 22.48183], [104.11572, 22.48482], [104.10679, 22.49056], [104.10437, 22.49072], [104.10277, 22.49221], [104.10114, 22.49164], [104.09261, 22.4973], [104.08912, 22.49885], [104.08753, 22.50233], [104.08348, 22.50383], [104.0819, 22.50338], [104.08082, 22.50443], [104.07811, 22.5036], [104.07521, 22.50503], [104.07302, 22.5049], [104.07052, 22.5063], [104.06898, 22.50828], [104.0674, 22.50812], [104.06493, 22.50996], [104.0629, 22.50947], [104.05984, 22.51302], [104.05642, 22.51378], [104.05488, 22.51345], [104.05154, 22.51532], [104.04586, 22.51373], [104.04371, 22.51446], [104.04209, 22.51337], [104.04032, 22.51379], [104.03943, 22.51562], [104.0362, 22.51601], [104.03251, 22.51411], [104.02881, 22.51372], [104.02772, 22.5141], [104.02641, 22.51639], [104.02434, 22.515], [104.01824, 22.51766], [104.01267, 22.51734], [104.01024, 22.51907], [104.00523, 22.51637], [104.00102, 22.51801], [103.99858, 22.51738], [103.99126, 22.51896], [103.98856, 22.51407], [103.98479, 22.51268], [103.98083, 22.50778], [103.9781, 22.50609], [103.96782, 22.50538], [103.96491, 22.50714]]}, "properties": {"loai": "khu_vuc", "id": "QL70", "tinh": "QL70", "km0": 0, "km1": 185, "muc": [0, 0, 0, 0], "muc_chu": ["An toàn", "An toàn", "An toàn", "An toàn"], "ngay": ["2026-10-07", "2026-10-08", "2026-10-09", "2026-10-10"], "xac_suat_dat_nguong": [0.0, 0.0, 0.0, 0.0], "he_so_an_toan_nho_nhat": [1.394, 1.396, 1.397, 1.398], "cap": "https://chaulan1981.github.io/Du-bao-sat-truot-QL6/lao-cai/data/cap/QL70.xml"}}, {"type": "Feature", "geometry": {"type": "LineString", "coordinates": [[103.93428, 22.02613], [103.93416, 22.02728], [103.93526, 22.02796], [103.93515, 22.03009], [103.93706, 22.03155], [103.93981, 22.03137], [103.93914, 22.03695], [103.94373, 22.03832], [103.9476, 22.03634], [103.94816, 22.03738], [103.94714, 22.03952], [103.94856, 22.04017], [103.94938, 22.03932], [103.95197, 22.03964], [103.95362, 22.04114], [103.95407, 22.04264], [103.95498, 22.04276], [103.955, 22.04497], [103.95235, 22.0454], [103.95233, 22.0466], [103.95525, 22.04603], [103.9557, 22.04493], [103.95688, 22.0447], [103.95946, 22.04615], [103.96045, 22.04765], [103.9603, 22.0505], [103.95896, 22.05407], [103.96024, 22.05479], [103.96295, 22.05205], [103.96438, 22.05184], [103.96428, 22.0506], [103.96555, 22.04936], [103.9665, 22.04642], [103.96823, 22.04558], [103.97004, 22.04577], [103.9707, 22.04653], [103.97212, 22.04516], [103.97157, 22.04486], [103.97074, 22.04574], [103.9682, 22.04474], [103.96439, 22.04672], [103.96378, 22.04613], [103.96459, 22.04423], [103.96373, 22.04321], [103.96501, 22.04219], [103.96401, 22.04], [103.96975, 22.04097], [103.97274, 22.0401], [103.97169, 22.03879], [103.97173, 22.03758], [103.97041, 22.0365], [103.9711, 22.03563], [103.97449, 22.03847], [103.97827, 22.03892], [103.9792, 22.03976], [103.98049, 22.039], [103.98176, 22.03989], [103.9827, 22.03914], [103.98544, 22.03938], [103.98896, 22.04056], [103.98931, 22.03702], [103.99081, 22.03812], [103.99287, 22.03659], [103.99536, 22.03986], [103.9972, 22.03951], [104.00051, 22.03725], [104.00426, 22.03867], [104.00961, 22.03858], [104.01281, 22.03546], [104.01633, 22.03513], [104.02021, 22.03287], [104.02161, 22.03286], [104.02271, 22.03424], [104.02627, 22.03495], [104.02784, 22.03158], [104.03598, 22.02883], [104.03576, 22.02685], [104.03864, 22.02492], [104.0393, 22.02175], [104.0459, 22.01552], [104.04754, 22.01558], [104.04992, 22.01419], [104.05091, 22.01306], [104.05108, 22.01109], [104.05347, 22.00852], [104.05597, 22.00784], [104.05812, 22.00887], [104.0602, 22.00704], [104.06218, 22.00735], [104.06488, 22.00499], [104.0728, 22.00518], [104.07293, 22.00639], [104.07614, 22.00964], [104.07787, 22.01428], [104.07627, 22.01829], [104.0776, 22.02007], [104.07729, 22.0219], [104.08168, 22.02531], [104.08142, 22.0266], [104.0803, 22.02736], [104.08105, 22.03157], [104.08277, 22.03418], [104.08895, 22.03858], [104.08984, 22.03827], [104.09194, 22.04124], [104.0956, 22.04377], [104.09914, 22.04467], [104.10142, 22.04292], [104.10185, 22.04091], [104.10483, 22.04087], [104.1082, 22.04222], [104.11167, 22.0473], [104.11934, 22.05069], [104.12589, 22.04978], [104.13559, 22.05222], [104.13836, 22.05149], [104.14171, 22.05331], [104.14316, 22.05548], [104.14724, 22.05576], [104.1495, 22.0592], [104.15092, 22.05927], [104.15343, 22.058], [104.15598, 22.06036], [104.15658, 22.06438], [104.16053, 22.06898], [104.16117, 22.07431], [104.17564, 22.08111], [104.17837, 22.08165], [104.18219, 22.08395], [104.1846, 22.0835], [104.19264, 22.08642], [104.1961, 22.09097], [104.19753, 22.09167], [104.20782, 22.08879], [104.21138, 22.08555], [104.21401, 22.08474], [104.21659, 22.08258], [104.21984, 22.08442], [104.22496, 22.08571], [104.22661, 22.08711], [104.23046, 22.08676], [104.23263, 22.08812], [104.23437, 22.08815], [104.23532, 22.0892], [104.24009, 22.08986], [104.24559, 22.08828], [104.25007, 22.08953], [104.25738, 22.08954], [104.26069, 22.09077], [104.26241, 22.09401], [104.26015, 22.09644], [104.25857, 22.10032], [104.26041, 22.09908], [104.26107, 22.10019], [104.26072, 22.10573], [104.25912, 22.10812], [104.2599, 22.10941], [104.25975, 22.11407], [104.26247, 22.11436], [104.264, 22.11614], [104.26522, 22.11597], [104.26703, 22.11818], [104.26814, 22.1184], [104.26971, 22.12007], [104.26868, 22.12206], [104.27007, 22.12224], [104.27002, 22.12327], [104.27304, 22.12174], [104.27453, 22.12324], [104.27401, 22.12393], [104.27459, 22.12574], [104.27694, 22.12739], [104.27718, 22.1286], [104.2849, 22.13278], [104.28606, 22.13415], [104.28858, 22.13277], [104.2906, 22.13255], [104.29674, 22.13353], [104.29766, 22.13432], [104.29984, 22.13399], [104.30133, 22.138], [104.30317, 22.1388], [104.30381, 22.14009], [104.30696, 22.13939], [104.30779, 22.14037], [104.30954, 22.14007], [104.31017, 22.14091], [104.31277, 22.13878], [104.31431, 22.13893], [104.31582, 22.13776], [104.3178, 22.13772], [104.31952, 22.13623], [104.32121, 22.13761], [104.32268, 22.13744], [104.32168, 22.13925], [104.32207, 22.14065], [104.32126, 22.14114], [104.32345, 22.14348], [104.32646, 22.14465], [104.33024, 22.14361], [104.3313, 22.14153], [104.33228, 22.14441], [104.33214, 22.1465], [104.3335, 22.14816], [104.33977, 22.14953], [104.3406, 22.15036], [104.34167, 22.15013], [104.34601, 22.1524], [104.34639, 22.15594], [104.3446, 22.15825], [104.34463, 22.15962], [104.34586, 22.16124], [104.35048, 22.16347], [104.35567, 22.16869], [104.35382, 22.17236], [104.35412, 22.17632], [104.35347, 22.17864], [104.35591, 22.18238], [104.35963, 22.18323], [104.36114, 22.18263], [104.36427, 22.18425], [104.36608, 22.18295], [104.36806, 22.18306], [104.36989, 22.18586], [104.37335, 22.18678], [104.37664, 22.19049], [104.37841, 22.19036], [104.3804, 22.19319], [104.38382, 22.19521], [104.38402, 22.19654], [104.38554, 22.19707], [104.38633, 22.19925], [104.38996, 22.20066], [104.39162, 22.19883], [104.39357, 22.20127], [104.3994, 22.20484], [104.40163, 22.20551], [104.40356, 22.20487], [104.4041, 22.20576], [104.40615, 22.20638], [104.4066, 22.20756], [104.40875, 22.20844], [104.41098, 22.20772], [104.41092, 22.20986], [104.41309, 22.21003], [104.41435, 22.21211], [104.41844, 22.21307], [104.41946, 22.21464], [104.42224, 22.21366], [104.42319, 22.21609], [104.42676, 22.21427], [104.42693, 22.21574], [104.43035, 22.21494], [104.43087, 22.21708], [104.43238, 22.21748], [104.43321, 22.2187], [104.4356, 22.21839], [104.43606, 22.21757], [104.43868, 22.21776], [104.43732, 22.22034], [104.43929, 22.2232], [104.44224, 22.22323], [104.44489, 22.22187], [104.44638, 22.22385], [104.44679, 22.22717], [104.45141, 22.22924], [104.4512, 22.2302], [104.44919, 22.23158], [104.44981, 22.23211], [104.4512, 22.23181], [104.45223, 22.23335], [104.45009, 22.23586], [104.45156, 22.23974], [104.45604, 22.23949], [104.45897, 22.23763], [104.46051, 22.2384], [104.4629, 22.23777], [104.46528, 22.23824], [104.47046, 22.23603], [104.47299, 22.23641], [104.47718, 22.23484]]}, "properties": {"loai": "khu_vuc", "id": "QL279", "tinh": "QL279", "km0": 0, "km1": 130, "muc": [0, 0, 0, 0], "muc_chu": ["An toàn", "An toàn", "An toàn", "An toàn"], "ngay": ["2026-10-07", "2026-10-08", "2026-10-09", "2026-10-10"], "xac_suat_dat_nguong": [0.0, 0.0, 0.0, 0.0], "he_so_an_toan_nho_nhat": [1.395, 1.397, 1.398, 1.398], "cap": "https://chaulan1981.github.io/Du-bao-sat-truot-QL6/lao-cai/data/cap/QL279.xml"}}, {"type": "Feature", "geometry": {"type": "LineString", "coordinates": [[104.32495, 22.59444], [104.32535, 22.59285], [104.32433, 22.59093], [104.32479, 22.58902], [104.32265, 22.58751], [104.32261, 22.58591], [104.32352, 22.58477], [104.32192, 22.58189], [104.32257, 22.5811], [104.32196, 22.57965], [104.32374, 22.57846], [104.32384, 22.57722], [104.32499, 22.57607], [104.3224, 22.57426], [104.324, 22.5731], [104.32196, 22.57168], [104.32219, 22.57036], [104.32434, 22.5678], [104.32176, 22.56635], [104.32039, 22.56447], [104.31752, 22.56494], [104.3149, 22.5643], [104.31189, 22.55942], [104.30921, 22.55808], [104.30808, 22.55604], [104.30685, 22.5564], [104.30415, 22.55488], [104.3036, 22.55289], [104.30534, 22.55158], [104.30131, 22.55168], [104.30051, 22.54904], [104.2982, 22.54709], [104.29679, 22.54393], [104.29525, 22.54287], [104.29612, 22.54097], [104.29427, 22.54104], [104.29247, 22.53999], [104.2903, 22.53468], [104.29325, 22.53068], [104.29387, 22.52553], [104.2953, 22.5251], [104.29704, 22.52282], [104.29472, 22.51509], [104.29153, 22.51114], [104.28538, 22.51138], [104.28155, 22.51006], [104.27932, 22.50739], [104.27718, 22.50773], [104.27706, 22.50592], [104.27501, 22.50455], [104.27405, 22.50171], [104.27612, 22.49979], [104.2764, 22.49526], [104.27525, 22.49364], [104.27408, 22.49417], [104.274, 22.49586], [104.27301, 22.49556], [104.27291, 22.49467], [104.27328, 22.4919], [104.27559, 22.48947], [104.27491, 22.48862], [104.2757, 22.48729], [104.27685, 22.48689], [104.27552, 22.48596], [104.27434, 22.48638], [104.27371, 22.48444], [104.27253, 22.48375], [104.27261, 22.48195], [104.27158, 22.48185], [104.27134, 22.48019], [104.27201, 22.47813], [104.27015, 22.47773], [104.27006, 22.476], [104.2683, 22.47536], [104.26897, 22.47319], [104.26532, 22.47196], [104.26437, 22.46904], [104.26252, 22.46776], [104.25986, 22.46812], [104.26018, 22.4656], [104.25794, 22.46561], [104.25711, 22.46474], [104.25809, 22.46164], [104.25674, 22.46065], [104.25649, 22.4589], [104.25795, 22.45846], [104.25757, 22.4563], [104.25843, 22.45548], [104.25967, 22.45586], [104.26274, 22.45511], [104.26449, 22.45224], [104.26892, 22.45529], [104.27012, 22.45438], [104.26762, 22.45222], [104.26592, 22.44387], [104.26504, 22.44322], [104.26497, 22.44141], [104.26624, 22.4395], [104.26568, 22.43707], [104.26634, 22.43018], [104.26502, 22.42922], [104.2644, 22.42527], [104.26225, 22.42607], [104.25989, 22.42543], [104.25977, 22.42202], [104.26128, 22.42019], [104.26266, 22.41438], [104.26161, 22.41123], [104.25983, 22.4082], [104.25568, 22.40434], [104.2495, 22.40185], [104.24804, 22.40056], [104.24544, 22.40044], [104.24297, 22.39853], [104.2407, 22.39789], [104.23905, 22.39375], [104.23703, 22.39244], [104.23743, 22.39037], [104.23639, 22.38823]]}, "properties": {"loai": "khu_vuc", "id": "QL4E", "tinh": "QL4E", "km0": 0, "km1": 145, "muc": [0, 0, 0, 0], "muc_chu": ["An toàn", "An toàn", "An toàn", "An toàn"], "ngay": ["2026-10-07", "2026-10-08", "2026-10-09", "2026-10-10"], "xac_suat_dat_nguong": [0.0, 0.0, 0.0, 0.0], "he_so_an_toan_nho_nhat": [1.398, 1.399, 1.4, 1.4], "cap": "https://chaulan1981.github.io/Du-bao-sat-truot-QL6/lao-cai/data/cap/QL4E.xml"}}, {"type": "Feature", "geometry": {"type": "Point", "coordinates": [104.13101, 22.81148]}, "properties": {"loai": "diem", "id": "QL4D-0", "kv": "QL4D", "km": 0.0, "ngay": ["2026-10-07", "2026-10-08", "2026-10-09", "2026-10-10"], "muc": [0, 0, 0, 0], "mua_mm": [0, 0, 0, 1.6], "nguong_mm": [100.0, 100.0, 100.0, 100.0], "xac_suat_dat_nguong": [0.0, 0.0, 0.0, 0.0], "he_so_an_toan": [1.488, 1.489, 1.49, 1.49], "xac_suat_FS_nho_hon_1": [0.0, 0.0, 0.0, 0.0], "do_doc": 28.6}}, {"type": "Feature", "geometry": {"type": "Point", "coordinates": [104.11666, 22.78784]}, "properties": {"loai": "diem", "id": "QL4D-5", "kv": "QL4D", "km": 5.0, "ngay": ["2026-10-07", "2026-10-08", "2026-10-09", "2026-10-10"], "muc": [0, 0, 0, 0], "mua_mm": [0, 0, 0, 1.0], "nguong_mm": [100.0, 100.0, 100.0, 100.0], "xac_suat_dat_nguong": [0.0, 0.0, 0.0, 0.0], "he_so_an_toan": [1.504, 1.506, 1.508, 1.509], "xac_suat_FS_nho_hon_1": [0.0, 0.0, 0.0, 0.0], "do_doc": 43.6}}, {"type": "Feature", "geometry": {"type": "Point", "coordinates": [104.10871, 22.75867]}, "properties": {"loai": "diem", "id": "QL4D-10", "kv": "QL4D", "km": 10.0, "ngay": ["2026-10-07", "2026-10-08", "2026-10-09", "2026-10-10"], "muc": [0, 0, 0, 0], "mua_mm": [0, 0, 0, 1.0], "nguong_mm": [100.0, 100.0, 100.0, 100.0], "xac_suat_dat_nguong": [0.0, 0.0, 0.0, 0.0], "he_so_an_toan": [1.398, 1.399, 1.4, 1.401], "xac_suat_FS_nho_hon_1": [0.0, 0.0, 0.0, 0.0], "do_doc": 37.4}}, {"type": "Feature", "geometry": {"type": "Point", "coordinates": [104.10639, 22.71918]}, "properties": {"loai": "diem", "id": "QL4D-15", "kv": "QL4D", "km": 15.0, "ngay": ["2026-10-07", "2026-10-08", "2026-10-09", "2026-10-10"], "muc": [0, 0, 0, 0], "mua_mm": [0, 0, 0, 1.0], "nguong_mm": [100.0, 100.0, 100.0, 100.0], "xac_suat_dat_nguong": [0.0, 0.0, 0.0, 0.0], "he_so_an_toan": [1.505, 1.507, 1.507, 1.508], "xac_suat_FS_nho_hon_1": [0.0, 0.0, 0.0, 0.0], "do_doc": 27.9}}, {"type": "Feature", "geometry": {"type": "Point", "coordinates": [104.11109, 22.68985]}, "properties": {"loai": "diem", "id": "QL4D-20", "kv": "QL4D", "km": 20.0, "ngay": ["2026-10-07", "2026-10-08", "2026-10-09", "2026-10-10"], "muc": [0, 0, 0, 0], "mua_mm": [0, 0, 0, 1.0], "nguong_mm": [100.0, 100.0, 100.0, 100.0], "xac_suat_dat_nguong": [0.0, 0.0, 0.0, 0.0], "he_so_an_toan": [1.421, 1.423, 1.424, 1.424], "xac_suat_FS_nho_hon_1": [0.0, 0.0, 0.0, 0.0], "do_doc": 32.1}}, {"type": "Feature", "geometry": {"type": "Point", "coordinates": [104.0973, 22.65861]}, "properties": {"loai": "diem", "id": "QL4D-25", "kv": "QL4D", "km": 25.0, "ngay": ["2026-10-07", "2026-10-08", "2026-10-09", "2026-10-10"], "muc": [0, 0, 0, 0], "mua_mm": [0, 0, 0, 1.0], "nguong_mm": [100.0, 100.0, 100.0, 100.0], "xac_suat_dat_nguong": [0.0, 0.0, 0.0, 0.0], "he_so_an_toan": [1.662, 1.664, 1.664, 1.665], "xac_suat_FS_nho_hon_1": [0.0, 0.0, 0.0, 0.0], "do_doc": 23.6}}, {"type": "Feature", "geometry": {"type": "Point", "coordinates": [104.08967, 22.62279]}, "properties": {"loai": "diem", "id": "QL4D-30", "kv": "QL4D", "km": 30.0, "ngay": ["2026-10-07", "2026-10-08", "2026-10-09", "2026-10-10"], "muc": [0, 0, 0, 0], "mua_mm": [0, 0, 0, 0.8], "nguong_mm": [100.0, 100.0, 100.0, 100.0], "xac_suat_dat_nguong": [0.0, 0.0, 0.0, 0.0], "he_so_an_toan": [1.528, 1.529, 1.53, 1.531], "xac_suat_FS_nho_hon_1": [0.0, 0.0, 0.0, 0.0], "do_doc": 27.1}}, {"type": "Feature", "geometry": {"type": "Point", "coordinates": [104.07422, 22.5896]}, "properties": {"loai": "diem", "id": "QL4D-35", "kv": "QL4D", "km": 35.0, "ngay": ["2026-10-07", "2026-10-08", "2026-10-09", "2026-10-10"], "muc": [0, 0, 0, 0], "mua_mm": [0, 0, 0, 0.8], "nguong_mm": [100.0, 100.0, 100.0, 100.0], "xac_suat_dat_nguong": [0.0, 0.0, 0.0, 0.0], "he_so_an_toan": [1.423, 1.424, 1.426, 1.426], "xac_suat_FS_nho_hon_1": [0.0, 0.0, 0.0, 0.0], "do_doc": 31.9}}, {"type": "Feature", "geometry": {"type": "Point", "coordinates": [104.06422, 22.5504]}, "properties": {"loai": "diem", "id": "QL4D-40", "kv": "QL4D", "km": 40.0, "ngay": ["2026-10-07", "2026-10-08", "2026-10-09", "2026-10-10"], "muc": [0, 0, 0, 0], "mua_mm": [0, 0, 0, 0.8], "nguong_mm": [100.0, 100.0, 100.0, 100.0], "xac_suat_dat_nguong": [0.0, 0.0, 0.0, 0.0], "he_so_an_toan": [1.972, 1.973, 1.975, 1.975], "xac_suat_FS_nho_hon_1": [0.0, 0.0, 0.0, 0.0], "do_doc": 18.9}}, {"type": "Feature", "geometry": {"type": "Point", "coordinates": [104.05108, 22.52619]}, "properties": {"loai": "diem", "id": "QL4D-45", "kv": "QL4D", "km": 45.0, "ngay": ["2026-10-07", "2026-10-08", "2026-10-09", "2026-10-10"], "muc": [0, 0, 0, 0], "mua_mm": [0, 0, 0, 0.8], "nguong_mm": [100.0, 100.0, 100.0, 100.0], "xac_suat_dat_nguong": [0.0, 0.0, 0.0, 0.0], "he_so_an_toan": [1.401, 1.402, 1.403, 1.404], "xac_suat_FS_nho_hon_1": [0.0, 0.0, 0.0, 0.0], "do_doc": 34.1}}, {"type": "Feature", "geometry": {"type": "Point", "coordinates": [103.77347, 22.35311]}, "properties": {"loai": "diem", "id": "QL4D-50", "kv": "QL4D", "km": 50.0, "ngay": ["2026-10-07", "2026-10-08", "2026-10-09", "2026-10-10"], "muc": [0, 0, 0, 0], "mua_mm": [1.1, 0.2, 0.7, 3.0], "nguong_mm": [100.0, 100.0, 100.0, 100.0], "xac_suat_dat_nguong": [0.0, 0.0, 0.0, 0.0], "he_so_an_toan": [1.413, 1.414, 1.415, 1.415], "xac_suat_FS_nho_hon_1": [0.0, 0.0, 0.0, 0.0], "do_doc": 32.9}}, {"type": "Feature", "geometry": {"type": "Point", "coordinates": [103.79379, 22.37176]}, "properties": {"loai": "diem", "id": "QL4D-55", "kv": "QL4D", "km": 55.0, "ngay": ["2026-10-07", "2026-10-08", "2026-10-09", "2026-10-10"], "muc": [0, 0, 0, 0], "mua_mm": [1.1, 0.2, 0.7, 3.0], "nguong_mm": [100.0, 100.0, 100.0, 100.0], "xac_suat_dat_nguong": [0.0, 0.0, 0.0, 0.0], "he_so_an_toan": [1.457, 1.458, 1.459, 1.459], "xac_suat_FS_nho_hon_1": [0.0, 0.0, 0.0, 0.0], "do_doc": 30.0}}, {"type": "Feature", "geometry": {"type": "Point", "coordinates": [103.82207, 22.34585]}, "properties": {"loai": "diem", "id": "QL4D-60", "kv": "QL4D", "km": 60.0, "ngay": ["2026-10-07", "2026-10-08", "2026-10-09", "2026-10-10"], "muc": [0, 0, 0, 0], "mua_mm": [1.1, 0.2, 0.7, 3.0], "nguong_mm": [100.0, 100.0, 100.0, 100.0], "xac_suat_dat_nguong": [0.0, 0.0, 0.0, 0.0], "he_so_an_toan": [1.401, 1.402, 1.403, 1.403], "xac_suat_FS_nho_hon_1": [0.0, 0.0, 0.0, 0.0], "do_doc": 34.4}}, {"type": "Feature", "geometry": {"type": "Point", "coordinates": [103.85705, 22.34305]}, "properties": {"loai": "diem", "id": "QL4D-65", "kv": "QL4D", "km": 65.0, "ngay": ["2026-10-07", "2026-10-08", "2026-10-09", "2026-10-10"], "muc": [0, 0, 0, 0], "mua_mm": [1.1, 0.2, 0.7, 3.0], "nguong_mm": [100.0, 100.0, 100.0, 100.0], "xac_suat_dat_nguong": [0.0, 0.0, 0.0, 0.0], "he_so_an_toan": [1.595, 1.596, 1.597, 1.597], "xac_suat_FS_nho_hon_1": [0.0, 0.0, 0.0, 0.0], "do_doc": 25.2}}, {"type": "Feature", "geometry": {"type": "Point", "coordinates": [103.87182, 22.37326]}, "properties": {"loai": "diem", "id": "QL4D-70", "kv": "QL4D", "km": 70.0, "ngay": ["2026-10-07", "2026-10-08", "2026-10-09", "2026-10-10"], "muc": [0, 0, 0, 0], "mua_mm": [1.1, 0.2, 0.7, 3.0], "nguong_mm": [100.0, 100.0, 100.0, 100.0], "xac_suat_dat_nguong": [0.0, 0.0, 0.0, 0.0], "he_so_an_toan": [1.465, 1.466, 1.467, 1.467], "xac_suat_FS_nho_hon_1": [0.0, 0.0, 0.0, 0.0], "do_doc": 29.6}}, {"type": "Feature", "geometry": {"type": "Point", "coordinates": [103.89275, 22.4022]}, "properties": {"loai": "diem", "id": "QL4D-75", "kv": "QL4D", "km": 75.0, "ngay": ["2026-10-07", "2026-10-08", "2026-10-09", "2026-10-10"], "muc": [0, 0, 0, 0], "mua_mm": [0, 0, 0, 0.8], "nguong_mm": [100.0, 100.0, 100.0, 100.0], "xac_suat_dat_nguong": [0.0, 0.0, 0.0, 0.0], "he_so_an_toan": [1.395, 1.396, 1.397, 1.398], "xac_suat_FS_nho_hon_1": [0.0, 0.0, 0.0, 0.0], "do_doc": 35.7}}, {"type": "Feature", "geometry": {"type": "Point", "coordinates": [103.91734, 22.42456]}, "properties": {"loai": "diem", "id": "QL4D-80", "kv": "QL4D", "km": 80.0, "ngay": ["2026-10-07", "2026-10-08", "2026-10-09", "2026-10-10"], "muc": [0, 0, 0, 0], "mua_mm": [0, 0, 0, 0.8], "nguong_mm": [100.0, 100.0, 100.0, 100.0], "xac_suat_dat_nguong": [0.0, 0.0, 0.0, 0.0], "he_so_an_toan": [1.405, 1.406, 1.407, 1.408], "xac_suat_FS_nho_hon_1": [0.0, 0.0, 0.0, 0.0], "do_doc": 33.6}}, {"type": "Feature", "geometry": {"type": "Point", "coordinates": [103.93872, 22.44247]}, "properties": {"loai": "diem", "id": "QL4D-85", "kv": "QL4D", "km": 85.0, "ngay": ["2026-10-07", "2026-10-08", "2026-10-09", "2026-10-10"], "muc": [0, 0, 0, 0], "mua_mm": [0, 0, 0, 0.8], "nguong_mm": [100.0, 100.0, 100.0, 100.0], "xac_suat_dat_nguong": [0.0, 0.0, 0.0, 0.0], "he_so_an_toan": [1.56, 1.562, 1.563, 1.563], "xac_suat_FS_nho_hon_1": [0.0, 0.0, 0.0, 0.0], "do_doc": 26.1}}, {"type": "Feature", "geometry": {"type": "Point", "coordinates": [103.94808, 22.46158]}, "properties": {"loai": "diem", "id": "QL4D-90", "kv": "QL4D", "km": 90.0, "ngay": ["2026-10-07", "2026-10-08", "2026-10-09", "2026-10-10"], "muc": [0, 0, 0, 0], "mua_mm": [0, 0, 0, 0.8], "nguong_mm": [100.0, 100.0, 100.0, 100.0], "xac_suat_dat_nguong": [0.0, 0.0, 0.0, 0.0], "he_so_an_toan": [1.444, 1.445, 1.446, 1.447], "xac_suat_FS_nho_hon_1": [0.0, 0.0, 0.0, 0.0], "do_doc": 30.6}}, {"type": "Feature", "geometry": {"type": "Point", "coordinates": [103.97254, 22.47731]}, "properties": {"loai": "diem", "id": "QL4D-95", "kv": "QL4D", "km": 95.0, "ngay": ["2026-10-07", "2026-10-08", "2026-10-09", "2026-10-10"], "muc": [0, 0, 0, 0], "mua_mm": [0, 0, 0, 0.8], "nguong_mm": [100.0, 100.0, 100.0, 100.0], "xac_suat_dat_nguong": [0.0, 0.0, 0.0, 0.0], "he_so_an_toan": [1.597, 1.599, 1.6, 1.6], "xac_suat_FS_nho_hon_1": [0.0, 0.0, 0.0, 0.0], "do_doc": 25.1}}, {"type": "Feature", "geometry": {"type": "Point", "coordinates": [103.88001, 21.88173]}, "properties": {"loai": "diem", "id": "QL32-0", "kv": "QL32", "km": 0.0, "ngay": ["2026-10-07", "2026-10-08", "2026-10-09", "2026-10-10"], "muc": [0, 0, 0, 0], "mua_mm": [0, 0, 0, 5.9], "nguong_mm": [100.0, 100.0, 100.0, 100.0], "xac_suat_dat_nguong": [0.0, 0.0, 0.0, 0.0], "he_so_an_toan": [1.628, 1.63, 1.631, 1.631], "xac_suat_FS_nho_hon_1": [0.0, 0.0, 0.0, 0.0], "do_doc": 46.4}}, {"type": "Feature", "geometry": {"type": "Point", "coordinates": [103.90885, 21.8745]}, "properties": {"loai": "diem", "id": "QL32-5", "kv": "QL32", "km": 5.0, "ngay": ["2026-10-07", "2026-10-08", "2026-10-09", "2026-10-10"], "muc": [0, 0, 0, 0], "mua_mm": [0, 0, 0, 3.7], "nguong_mm": [100.0, 100.0, 100.0, 100.0], "xac_suat_dat_nguong": [0.0, 0.0, 0.0, 0.0], "he_so_an_toan": [1.426, 1.427, 1.428, 1.429], "xac_suat_FS_nho_hon_1": [0.0, 0.0, 0.0, 0.0], "do_doc": 40.2}}, {"type": "Feature", "geometry": {"type": "Point", "coordinates": [103.94221, 21.87718]}, "properties": {"loai": "diem", "id": "QL32-10", "kv": "QL32", "km": 10.0, "ngay": ["2026-10-07", "2026-10-08", "2026-10-09", "2026-10-10"], "muc": [0, 0, 0, 0], "mua_mm": [0, 0, 0, 5.9], "nguong_mm": [100.0, 100.0, 100.0, 100.0], "xac_suat_dat_nguong": [0.0, 0.0, 0.0, 0.0], "he_so_an_toan": [1.448, 1.449, 1.45, 1.45], "xac_suat_FS_nho_hon_1": [0.0, 0.0, 0.0, 0.0], "do_doc": 41.4}}, {"type": "Feature", "geometry": {"type": "Point", "coordinates": [103.98372, 21.87469]}, "properties": {"loai": "diem", "id": "QL32-15", "kv": "QL32", "km": 15.0, "ngay": ["2026-10-07", "2026-10-08", "2026-10-09", "2026-10-10"], "muc": [0, 0, 0, 0], "mua_mm": [2.3, 1.0, 1.2, 9.8], "nguong_mm": [100.0, 100.0, 100.0, 100.0], "xac_suat_dat_nguong": [0.0, 0.0, 0.0, 0.0], "he_so_an_toan": [1.397, 1.398, 1.399, 1.399], "xac_suat_FS_nho_hon_1": [0.0, 0.0, 0.0, 0.0], "do_doc": 35.0}}, {"type": "Feature", "geometry": {"type": "Point", "coordinates": [104.01749, 21.86628]}, "properties": {"loai": "diem", "id": "QL32-20", "kv": "QL32", "km": 20.0, "ngay": ["2026-10-07", "2026-10-08", "2026-10-09", "2026-10-10"], "muc": [0, 0, 0, 0], "mua_mm": [2.3, 1.0, 1.2, 9.8], "nguong_mm": [100.0, 100.0, 100.0, 100.0], "xac_suat_dat_nguong": [0.0, 0.0, 0.0, 0.0], "he_so_an_toan": [1.402, 1.403, 1.404, 1.404], "xac_suat_FS_nho_hon_1": [0.0, 0.0, 0.0, 0.0], "do_doc": 34.1}}, {"type": "Feature", "geometry": {"type": "Point", "coordinates": [104.05248, 21.86119]}, "properties": {"loai": "diem", "id": "QL32-25", "kv": "QL32", "km": 25.0, "ngay": ["2026-10-07", "2026-10-08", "2026-10-09", "2026-10-10"], "muc": [0, 0, 0, 0], "mua_mm": [2.3, 1.0, 1.2, 9.8], "nguong_mm": [100.0, 100.0, 100.0, 100.0], "xac_suat_dat_nguong": [0.0, 0.0, 0.0, 0.0], "he_so_an_toan": [1.489, 1.49, 1.492, 1.492], "xac_suat_FS_nho_hon_1": [0.0, 0.0, 0.0, 0.0], "do_doc": 43.1}}, {"type": "Feature", "geometry": {"type": "Point", "coordinates": [104.09058, 21.85019]}, "properties": {"loai": "diem", "id": "QL32-30", "kv": "QL32", "km": 30.0, "ngay": ["2026-10-07", "2026-10-08", "2026-10-09", "2026-10-10"], "muc": [0, 0, 0, 0], "mua_mm": [2.3, 1.0, 1.2, 9.8], "nguong_mm": [100.0, 100.0, 100.0, 100.0], "xac_suat_dat_nguong": [0.0, 0.0, 0.0, 0.0], "he_so_an_toan": [1.395, 1.396, 1.397, 1.397], "xac_suat_FS_nho_hon_1": [0.0, 0.0, 0.0, 0.0], "do_doc": 35.9}}, {"type": "Feature", "geometry": {"type": "Point", "coordinates": [104.12106, 21.82392]}, "properties": {"loai": "diem", "id": "QL32-35", "kv": "QL32", "km": 35.0, "ngay": ["2026-10-07", "2026-10-08", "2026-10-09", "2026-10-10"], "muc": [0, 0, 0, 0], "mua_mm": [2.3, 1.0, 1.2, 9.8], "nguong_mm": [100.0, 100.0, 100.0, 100.0], "xac_suat_dat_nguong": [0.0, 0.0, 0.0, 0.0], "he_so_an_toan": [1.445, 1.446, 1.447, 1.447], "xac_suat_FS_nho_hon_1": [0.0, 0.0, 0.0, 0.0], "do_doc": 30.6}}, {"type": "Feature", "geometry": {"type": "Point", "coordinates": [104.14846, 21.80341]}, "properties": {"loai": "diem", "id": "QL32-40", "kv": "QL32", "km": 40.0, "ngay": ["2026-10-07", "2026-10-08", "2026-10-09", "2026-10-10"], "muc": [0, 0, 0, 0], "mua_mm": [0, 0, 0, 5.8], "nguong_mm": [100.0, 100.0, 100.0, 100.0], "xac_suat_dat_nguong": [0.0, 0.0, 0.0, 0.0], "he_so_an_toan": [1.412, 1.414, 1.414, 1.415], "xac_suat_FS_nho_hon_1": [0.0, 0.0, 0.0, 0.0], "do_doc": 32.9}}, {"type": "Feature", "geometry": {"type": "Point", "coordinates": [104.15908, 21.77557]}, "properties": {"loai": "diem", "id": "QL32-45", "kv": "QL32", "km": 45.0, "ngay": ["2026-10-07", "2026-10-08", "2026-10-09", "2026-10-10"], "muc": [0, 0, 0, 0], "mua_mm": [0, 0, 0, 5.8], "nguong_mm": [100.0, 100.0, 100.0, 100.0], "xac_suat_dat_nguong": [0.0, 0.0, 0.0, 0.0], "he_so_an_toan": [1.395, 1.397, 1.398, 1.398], "xac_suat_FS_nho_hon_1": [0.0, 0.0, 0.0, 0.0], "do_doc": 36.4}}, {"type": "Feature", "geometry": {"type": "Point", "coordinates": [104.19275, 21.76201]}, "properties": {"loai": "diem", "id": "QL32-50", "kv": "QL32", "km": 50.0, "ngay": ["2026-10-07", "2026-10-08", "2026-10-09", "2026-10-10"], "muc": [0, 0, 0, 0], "mua_mm": [0, 0, 0, 5.8], "nguong_mm": [100.0, 100.0, 100.0, 100.0], "xac_suat_dat_nguong": [0.0, 0.0, 0.0, 0.0], "he_so_an_toan": [1.453, 1.454, 1.456, 1.456], "xac_suat_FS_nho_hon_1": [0.0, 0.0, 0.0, 0.0], "do_doc": 41.7}}, {"type": "Feature", "geometry": {"type": "Point", "coordinates": [104.2252, 21.75218]}, "properties": {"loai": "diem", "id": "QL32-55", "kv": "QL32", "km": 55.0, "ngay": ["2026-10-07", "2026-10-08", "2026-10-09", "2026-10-10"], "muc": [0, 0, 0, 0], "mua_mm": [0, 0, 0, 5.8], "nguong_mm": [100.0, 100.0, 100.0, 100.0], "xac_suat_dat_nguong": [0.0, 0.0, 0.0, 0.0], "he_so_an_toan": [1.397, 1.398, 1.399, 1.399], "xac_suat_FS_nho_hon_1": [0.0, 0.0, 0.0, 0.0], "do_doc": 35.8}}, {"type": "Feature", "geometry": {"type": "Point", "coordinates": [104.25188, 21.75292]}, "properties": {"loai": "diem", "id": "QL32-60", "kv": "QL32", "km": 60.0, "ngay": ["2026-10-07", "2026-10-08", "2026-10-09", "2026-10-10"], "muc": [0, 0, 0, 0], "mua_mm": [0, 0, 0, 5.8], "nguong_mm": [100.0, 100.0, 100.0, 100.0], "xac_suat_dat_nguong": [0.0, 0.0, 0.0, 0.0], "he_so_an_toan": [1.564, 1.565, 1.566, 1.567], "xac_suat_FS_nho_hon_1": [0.0, 0.0, 0.0, 0.0], "do_doc": 45.1}}, {"type": "Feature", "geometry": {"type": "Point", "coordinates": [104.27458, 21.74295]}, "properties": {"loai": "diem", "id": "QL32-65", "kv": "QL32", "km": 65.0, "ngay": ["2026-10-07", "2026-10-08", "2026-10-09", "2026-10-10"], "muc": [0, 0, 0, 0], "mua_mm": [0, 0, 0, 5.8], "nguong_mm": [100.0, 100.0, 100.0, 100.0], "xac_suat_dat_nguong": [0.0, 0.0, 0.0, 0.0], "he_so_an_toan": [1.622, 1.624, 1.625, 1.625], "xac_suat_FS_nho_hon_1": [0.0, 0.0, 0.0, 0.0], "do_doc": 46.3}}, {"type": "Feature", "geometry": {"type": "Point", "coordinates": [104.27282, 21.76666]}, "properties": {"loai": "diem", "id": "QL32-70", "kv": "QL32", "km": 70.0, "ngay": ["2026-10-07", "2026-10-08", "2026-10-09", "2026-10-10"], "muc": [0, 0, 0, 0], "mua_mm": [0, 0, 0, 5.8], "nguong_mm": [100.0, 100.0, 100.0, 100.0], "xac_suat_dat_nguong": [0.0, 0.0, 0.0, 0.0], "he_so_an_toan": [1.515, 1.516, 1.517, 1.517], "xac_suat_FS_nho_hon_1": [0.0, 0.0, 0.0, 0.0], "do_doc": 27.6}}, {"type": "Feature", "geometry": {"type": "Point", "coordinates": [104.28706, 21.79015]}, "properties": {"loai": "diem", "id": "QL32-75", "kv": "QL32", "km": 75.0, "ngay": ["2026-10-07", "2026-10-08", "2026-10-09", "2026-10-10"], "muc": [0, 0, 0, 0], "mua_mm": [0, 0, 0, 10.8], "nguong_mm": [100.0, 100.0, 100.0, 100.0], "xac_suat_dat_nguong": [0.0, 0.0, 0.0, 0.0], "he_so_an_toan": [3.957, 3.959, 3.961, 3.961], "xac_suat_FS_nho_hon_1": [0.0, 0.0, 0.0, 0.0], "do_doc": 9.2}}, {"type": "Feature", "geometry": {"type": "Point", "coordinates": [104.32719, 21.78206]}, "properties": {"loai": "diem", "id": "QL32-80", "kv": "QL32", "km": 80.0, "ngay": ["2026-10-07", "2026-10-08", "2026-10-09", "2026-10-10"], "muc": [0, 0, 0, 0], "mua_mm": [0, 0, 0, 10.8], "nguong_mm": [100.0, 100.0, 100.0, 100.0], "xac_suat_dat_nguong": [0.0, 0.0, 0.0, 0.0], "he_so_an_toan": [1.405, 1.406, 1.407, 1.407], "xac_suat_FS_nho_hon_1": [0.0, 0.0, 0.0, 0.0], "do_doc": 38.5}}, {"type": "Feature", "geometry": {"type": "Point", "coordinates": [104.34085, 21.74608]}, "properties": {"loai": "diem", "id": "QL32-85", "kv": "QL32", "km": 85.0, "ngay": ["2026-10-07", "2026-10-08", "2026-10-09", "2026-10-10"], "muc": [0, 0, 0, 0], "mua_mm": [0, 0, 0, 10.8], "nguong_mm": [100.0, 100.0, 100.0, 100.0], "xac_suat_dat_nguong": [0.0, 0.0, 0.0, 0.0], "he_so_an_toan": [1.523, 1.524, 1.525, 1.525], "xac_suat_FS_nho_hon_1": [0.0, 0.0, 0.0, 0.0], "do_doc": 27.3}}, {"type": "Feature", "geometry": {"type": "Point", "coordinates": [104.35241, 21.73301]}, "properties": {"loai": "diem", "id": "QL32-90", "kv": "QL32", "km": 90.0, "ngay": ["2026-10-07", "2026-10-08", "2026-10-09", "2026-10-10"], "muc": [0, 0, 0, 0], "mua_mm": [0, 0, 0, 10.8], "nguong_mm": [100.0, 100.0, 100.0, 100.0], "xac_suat_dat_nguong": [0.0, 0.0, 0.0, 0.0], "he_so_an_toan": [1.406, 1.407, 1.408, 1.408], "xac_suat_FS_nho_hon_1": [0.0, 0.0, 0.0, 0.0], "do_doc": 33.6}}, {"type": "Feature", "geometry": {"type": "Point", "coordinates": [104.38153, 21.7295]}, "properties": {"loai": "diem", "id": "QL32-95", "kv": "QL32", "km": 95.0, "ngay": ["2026-10-07", "2026-10-08", "2026-10-09", "2026-10-10"], "muc": [0, 0, 0, 0], "mua_mm": [0, 0, 0, 10.8], "nguong_mm": [100.0, 100.0, 100.0, 100.0], "xac_suat_dat_nguong": [0.0, 0.0, 0.0, 0.0], "he_so_an_toan": [1.831, 1.832, 1.833, 1.833], "xac_suat_FS_nho_hon_1": [0.0, 0.0, 0.0, 0.0], "do_doc": 20.6}}, {"type": "Feature", "geometry": {"type": "Point", "coordinates": [104.41599, 21.73118]}, "properties": {"loai": "diem", "id": "QL32-100", "kv": "QL32", "km": 100.0, "ngay": ["2026-10-07", "2026-10-08", "2026-10-09", "2026-10-10"], "muc": [0, 0, 0, 0], "mua_mm": [0, 0, 0, 10.8], "nguong_mm": [100.0, 100.0, 100.0, 100.0], "xac_suat_dat_nguong": [0.0, 0.0, 0.0, 0.0], "he_so_an_toan": [2.366, 2.368, 2.369, 2.368], "xac_suat_FS_nho_hon_1": [0.0, 0.0, 0.0, 0.0], "do_doc": 15.6}}, {"type": "Feature", "geometry": {"type": "Point", "coordinates": [104.44562, 21.7061]}, "properties": {"loai": "diem", "id": "QL32-105", "kv": "QL32", "km": 105.0, "ngay": ["2026-10-07", "2026-10-08", "2026-10-09", "2026-10-10"], "muc": [0, 0, 0, 0], "mua_mm": [0, 0, 0, 10.8], "nguong_mm": [100.0, 100.0, 100.0, 100.0], "xac_suat_dat_nguong": [0.0, 0.0, 0.0, 0.0], "he_so_an_toan": [1.488, 1.489, 1.489, 1.489], "xac_suat_FS_nho_hon_1": [0.0, 0.0, 0.0, 0.0], "do_doc": 28.6}}, {"type": "Feature", "geometry": {"type": "Point", "coordinates": [104.45995, 21.6876]}, "properties": {"loai": "diem", "id": "QL32-110", "kv": "QL32", "km": 110.0, "ngay": ["2026-10-07", "2026-10-08", "2026-10-09", "2026-10-10"], "muc": [0, 0, 0, 0], "mua_mm": [0, 0, 0, 10.8], "nguong_mm": [100.0, 100.0, 100.0, 100.0], "xac_suat_dat_nguong": [0.0, 0.0, 0.0, 0.0], "he_so_an_toan": [1.487, 1.489, 1.49, 1.49], "xac_suat_FS_nho_hon_1": [0.0, 0.0, 0.0, 0.0], "do_doc": 43.0}}, {"type": "Feature", "geometry": {"type": "Point", "coordinates": [104.48503, 21.6763]}, "properties": {"loai": "diem", "id": "QL32-115", "kv": "QL32", "km": 115.0, "ngay": ["2026-10-07", "2026-10-08", "2026-10-09", "2026-10-10"], "muc": [0, 0, 0, 0], "mua_mm": [0, 0, 0, 10.8], "nguong_mm": [100.0, 100.0, 100.0, 100.0], "xac_suat_dat_nguong": [0.0, 0.0, 0.0, 0.0], "he_so_an_toan": [2.244, 2.245, 2.246, 2.245], "xac_suat_FS_nho_hon_1": [0.0, 0.0, 0.0, 0.0], "do_doc": 16.5}}, {"type": "Feature", "geometry": {"type": "Point", "coordinates": [104.50116, 21.64019]}, "properties": {"loai": "diem", "id": "QL32-120", "kv": "QL32", "km": 120.0, "ngay": ["2026-10-07", "2026-10-08", "2026-10-09", "2026-10-10"], "muc": [0, 0, 0, 0], "mua_mm": [0, 0, 0, 10.8], "nguong_mm": [100.0, 100.0, 100.0, 100.0], "xac_suat_dat_nguong": [0.0, 0.0, 0.0, 0.0], "he_so_an_toan": [4.045, 4.047, 4.049, 4.048], "xac_suat_FS_nho_hon_1": [0.0, 0.0, 0.0, 0.0], "do_doc": 9.0}}, {"type": "Feature", "geometry": {"type": "Point", "coordinates": [104.51778, 21.60634]}, "properties": {"loai": "diem", "id": "QL32-125", "kv": "QL32", "km": 125.0, "ngay": ["2026-10-07", "2026-10-08", "2026-10-09", "2026-10-10"], "muc": [0, 0, 0, 0], "mua_mm": [0, 0, 0, 10.2], "nguong_mm": [100.0, 100.0, 100.0, 100.0], "xac_suat_dat_nguong": [0.0, 0.0, 0.0, 0.0], "he_so_an_toan": [14.461, 14.47, 14.477, 14.477], "xac_suat_FS_nho_hon_1": [0.0, 0.0, 0.0, 0.0], "do_doc": 2.5}}, {"type": "Feature", "geometry": {"type": "Point", "coordinates": [104.53163, 21.56696]}, "properties": {"loai": "diem", "id": "QL32-130", "kv": "QL32", "km": 130.0, "ngay": ["2026-10-07", "2026-10-08", "2026-10-09", "2026-10-10"], "muc": [0, 0, 0, 0], "mua_mm": [0, 0, 0, 10.2], "nguong_mm": [100.0, 100.0, 100.0, 100.0], "xac_suat_dat_nguong": [0.0, 0.0, 0.0, 0.0], "he_so_an_toan": [3.998, 4.001, 4.003, 4.003], "xac_suat_FS_nho_hon_1": [0.0, 0.0, 0.0, 0.0], "do_doc": 9.1}}, {"type": "Feature", "geometry": {"type": "Point", "coordinates": [104.57407, 21.56541]}, "properties": {"loai": "diem", "id": "QL32-135", "kv": "QL32", "km": 135.0, "ngay": ["2026-10-07", "2026-10-08", "2026-10-09", "2026-10-10"], "muc": [0, 0, 0, 0], "mua_mm": [0, 0, 0, 10.2], "nguong_mm": [100.0, 100.0, 100.0, 100.0], "xac_suat_dat_nguong": [0.0, 0.0, 0.0, 0.0], "he_so_an_toan": [1.618, 1.619, 1.62, 1.62], "xac_suat_FS_nho_hon_1": [0.0, 0.0, 0.0, 0.0], "do_doc": 24.6}}, {"type": "Feature", "geometry": {"type": "Point", "coordinates": [104.61746, 21.55858]}, "properties": {"loai": "diem", "id": "QL32-140", "kv": "QL32", "km": 140.0, "ngay": ["2026-10-07", "2026-10-08", "2026-10-09", "2026-10-10"], "muc": [0, 0, 0, 0], "mua_mm": [0, 0, 0, 10.2], "nguong_mm": [100.0, 100.0, 100.0, 100.0], "xac_suat_dat_nguong": [0.0, 0.0, 0.0, 0.0], "he_so_an_toan": [1.686, 1.687, 1.688, 1.688], "xac_suat_FS_nho_hon_1": [0.0, 0.0, 0.0, 0.0], "do_doc": 23.1}}, {"type": "Feature", "geometry": {"type": "Point", "coordinates": [104.65648, 21.54271]}, "properties": {"loai": "diem", "id": "QL32-145", "kv": "QL32", "km": 145.0, "ngay": ["2026-10-07", "2026-10-08", "2026-10-09", "2026-10-10"], "muc": [0, 0, 0, 0], "mua_mm": [0, 0, 0, 6.2], "nguong_mm": [100.0, 100.0, 100.0, 100.0], "xac_suat_dat_nguong": [0.0, 0.0, 0.0, 0.0], "he_so_an_toan": [1.603, 1.604, 1.605, 1.605], "xac_suat_FS_nho_hon_1": [0.0, 0.0, 0.0, 0.0], "do_doc": 25.0}}, {"type": "Feature", "geometry": {"type": "Point", "coordinates": [104.68468, 21.51572]}, "properties": {"loai": "diem", "id": "QL32-150", "kv": "QL32", "km": 150.0, "ngay": ["2026-10-07", "2026-10-08", "2026-10-09", "2026-10-10"], "muc": [0, 0, 0, 0], "mua_mm": [0, 0, 0, 6.2], "nguong_mm": [100.0, 100.0, 100.0, 100.0], "xac_suat_dat_nguong": [0.0, 0.0, 0.0, 0.0], "he_so_an_toan": [1.406, 1.407, 1.407, 1.408], "xac_suat_FS_nho_hon_1": [0.0, 0.0, 0.0, 0.0], "do_doc": 33.7}}, {"type": "Feature", "geometry": {"type": "Point", "coordinates": [104.71638, 21.49366]}, "properties": {"loai": "diem", "id": "QL32-155", "kv": "QL32", "km": 155.0, "ngay": ["2026-10-07", "2026-10-08", "2026-10-09", "2026-10-10"], "muc": [0, 0, 0, 0], "mua_mm": [0, 0, 0, 6.2], "nguong_mm": [100.0, 100.0, 100.0, 100.0], "xac_suat_dat_nguong": [0.0, 0.0, 0.0, 0.0], "he_so_an_toan": [1.799, 1.8, 1.801, 1.801], "xac_suat_FS_nho_hon_1": [0.0, 0.0, 0.0, 0.0], "do_doc": 21.1}}, {"type": "Feature", "geometry": {"type": "Point", "coordinates": [104.75011, 21.46582]}, "properties": {"loai": "diem", "id": "QL32-160", "kv": "QL32", "km": 160.0, "ngay": ["2026-10-07", "2026-10-08", "2026-10-09", "2026-10-10"], "muc": [0, 0, 0, 0], "mua_mm": [0, 0, 0, 6.2], "nguong_mm": [100.0, 100.0, 100.0, 100.0], "xac_suat_dat_nguong": [0.0, 0.0, 0.0, 0.0], "he_so_an_toan": [1.488, 1.489, 1.49, 1.49], "xac_suat_FS_nho_hon_1": [0.0, 0.0, 0.0, 0.0], "do_doc": 28.6}}, {"type": "Feature", "geometry": {"type": "Point", "coordinates": [104.78181, 21.43272]}, "properties": {"loai": "diem", "id": "QL32-165", "kv": "QL32", "km": 165.0, "ngay": ["2026-10-07", "2026-10-08", "2026-10-09", "2026-10-10"], "muc": [0, 0, 0, 0], "mua_mm": [0, 0, 0, 6.2], "nguong_mm": [100.0, 100.0, 100.0, 100.0], "xac_suat_dat_nguong": [0.0, 0.0, 0.0, 0.0], "he_so_an_toan": [1.426, 1.427, 1.428, 1.428], "xac_suat_FS_nho_hon_1": [0.0, 0.0, 0.0, 0.0], "do_doc": 31.8}}, {"type": "Feature", "geometry": {"type": "Point", "coordinates": [104.80596, 21.39728]}, "properties": {"loai": "diem", "id": "QL32-170", "kv": "QL32", "km": 170.0, "ngay": ["2026-10-07", "2026-10-08", "2026-10-09", "2026-10-10"], "muc": [0, 0, 0, 0], "mua_mm": [0, 0, 0, 6.2], "nguong_mm": [100.0, 100.0, 100.0, 100.0], "xac_suat_dat_nguong": [0.0, 0.0, 0.0, 0.0], "he_so_an_toan": [1.432, 1.433, 1.434, 1.434], "xac_suat_FS_nho_hon_1": [0.0, 0.0, 0.0, 0.0], "do_doc": 31.4}}, {"type": "Feature", "geometry": {"type": "Point", "coordinates": [104.8377, 21.38165]}, "properties": {"loai": "diem", "id": "QL32-175", "kv": "QL32", "km": 175.0, "ngay": ["2026-10-07", "2026-10-08", "2026-10-09", "2026-10-10"], "muc": [0, 0, 0, 0], "mua_mm": [0, 0, 0, 6.2], "nguong_mm": [100.0, 100.0, 100.0, 100.0], "xac_suat_dat_nguong": [0.0, 0.0, 0.0, 0.0], "he_so_an_toan": [1.429, 1.43, 1.431, 1.431], "xac_suat_FS_nho_hon_1": [0.0, 0.0, 0.0, 0.0], "do_doc": 31.6}}, {"type": "Feature", "geometry": {"type": "Point", "coordinates": [104.86227, 21.35887]}, "properties": {"loai": "diem", "id": "QL32-180", "kv": "QL32", "km": 180.0, "ngay": ["2026-10-07", "2026-10-08", "2026-10-09", "2026-10-10"], "muc": [0, 0, 0, 0], "mua_mm": [0, 0, 0, 15.3], "nguong_mm": [100.0, 100.0, 100.0, 100.0], "xac_suat_dat_nguong": [0.0, 0.0, 0.0, 0.0], "he_so_an_toan": [1.429, 1.43, 1.431, 1.431], "xac_suat_FS_nho_hon_1": [0.0, 0.0, 0.0, 0.0], "do_doc": 31.6}}, {"type": "Feature", "geometry": {"type": "Point", "coordinates": [105.0768, 21.68063]}, "properties": {"loai": "diem", "id": "QL70-0", "kv": "QL70", "km": 0.0, "ngay": ["2026-10-07", "2026-10-08", "2026-10-09", "2026-10-10"], "muc": [0, 0, 0, 0], "mua_mm": [0, 0, 0, 5.7], "nguong_mm": [100.0, 100.0, 100.0, 100.0], "xac_suat_dat_nguong": [0.0, 0.0, 0.0, 0.0], "he_so_an_toan": [1.919, 1.92, 1.92, 1.92], "xac_suat_FS_nho_hon_1": [0.0, 0.0, 0.0, 0.0], "do_doc": 19.5}}, {"type": "Feature", "geometry": {"type": "Point", "coordinates": [105.03559, 21.67198]}, "properties": {"loai": "diem", "id": "QL70-5", "kv": "QL70", "km": 5.0, "ngay": ["2026-10-07", "2026-10-08", "2026-10-09", "2026-10-10"], "muc": [0, 0, 0, 0], "mua_mm": [0, 0, 0, 5.7], "nguong_mm": [100.0, 100.0, 100.0, 100.0], "xac_suat_dat_nguong": [0.0, 0.0, 0.0, 0.0], "he_so_an_toan": [1.685, 1.685, 1.686, 1.686], "xac_suat_FS_nho_hon_1": [0.0, 0.0, 0.0, 0.0], "do_doc": 23.2}}, {"type": "Feature", "geometry": {"type": "Point", "coordinates": [104.99602, 21.68948]}, "properties": {"loai": "diem", "id": "QL70-10", "kv": "QL70", "km": 10.0, "ngay": ["2026-10-07", "2026-10-08", "2026-10-09", "2026-10-10"], "muc": [0, 0, 0, 0], "mua_mm": [0, 0, 0, 5.7], "nguong_mm": [100.0, 100.0, 100.0, 100.0], "xac_suat_dat_nguong": [0.0, 0.0, 0.0, 0.0], "he_so_an_toan": [1.448, 1.448, 1.449, 1.449], "xac_suat_FS_nho_hon_1": [0.0, 0.0, 0.0, 0.0], "do_doc": 30.6}}, {"type": "Feature", "geometry": {"type": "Point", "coordinates": [104.97934, 21.7215]}, "properties": {"loai": "diem", "id": "QL70-15", "kv": "QL70", "km": 15.0, "ngay": ["2026-10-07", "2026-10-08", "2026-10-09", "2026-10-10"], "muc": [0, 0, 0, 0], "mua_mm": [0, 0, 0, 5.7], "nguong_mm": [100.0, 100.0, 100.0, 100.0], "xac_suat_dat_nguong": [0.0, 0.0, 0.0, 0.0], "he_so_an_toan": [1.847, 1.848, 1.848, 1.848], "xac_suat_FS_nho_hon_1": [0.0, 0.0, 0.0, 0.0], "do_doc": 20.4}}, {"type": "Feature", "geometry": {"type": "Point", "coordinates": [104.94265, 21.74047]}, "properties": {"loai": "diem", "id": "QL70-20", "kv": "QL70", "km": 20.0, "ngay": ["2026-10-07", "2026-10-08", "2026-10-09", "2026-10-10"], "muc": [0, 0, 0, 0], "mua_mm": [0, 0, 0, 5.7], "nguong_mm": [100.0, 100.0, 100.0, 100.0], "xac_suat_dat_nguong": [0.0, 0.0, 0.0, 0.0], "he_so_an_toan": [1.726, 1.727, 1.727, 1.727], "xac_suat_FS_nho_hon_1": [0.0, 0.0, 0.0, 0.0], "do_doc": 22.4}}, {"type": "Feature", "geometry": {"type": "Point", "coordinates": [104.92127, 21.77006]}, "properties": {"loai": "diem", "id": "QL70-25", "kv": "QL70", "km": 25.0, "ngay": ["2026-10-07", "2026-10-08", "2026-10-09", "2026-10-10"], "muc": [0, 0, 0, 0], "mua_mm": [0, 0, 0, 5.7], "nguong_mm": [100.0, 100.0, 100.0, 100.0], "xac_suat_dat_nguong": [0.0, 0.0, 0.0, 0.0], "he_so_an_toan": [1.605, 1.606, 1.606, 1.606], "xac_suat_FS_nho_hon_1": [0.0, 0.0, 0.0, 0.0], "do_doc": 25.0}}, {"type": "Feature", "geometry": {"type": "Point", "coordinates": [104.90891, 21.79927]}, "properties": {"loai": "diem", "id": "QL70-30", "kv": "QL70", "km": 30.0, "ngay": ["2026-10-07", "2026-10-08", "2026-10-09", "2026-10-10"], "muc": [0, 0, 0, 0], "mua_mm": [0, 0, 0, 5.7], "nguong_mm": [100.0, 100.0, 100.0, 100.0], "xac_suat_dat_nguong": [0.0, 0.0, 0.0, 0.0], "he_so_an_toan": [1.413, 1.413, 1.413, 1.413], "xac_suat_FS_nho_hon_1": [0.0, 0.0, 0.0, 0.0], "do_doc": 33.2}}, {"type": "Feature", "geometry": {"type": "Point", "coordinates": [104.87812, 21.82692]}, "properties": {"loai": "diem", "id": "QL70-35", "kv": "QL70", "km": 35.0, "ngay": ["2026-10-07", "2026-10-08", "2026-10-09", "2026-10-10"], "muc": [0, 0, 0, 0], "mua_mm": [0, 0, 0, 5.7], "nguong_mm": [100.0, 100.0, 100.0, 100.0], "xac_suat_dat_nguong": [0.0, 0.0, 0.0, 0.0], "he_so_an_toan": [1.777, 1.778, 1.778, 1.778], "xac_suat_FS_nho_hon_1": [0.0, 0.0, 0.0, 0.0], "do_doc": 21.5}}, {"type": "Feature", "geometry": {"type": "Point", "coordinates": [104.8522, 21.86052]}, "properties": {"loai": "diem", "id": "QL70-40", "kv": "QL70", "km": 40.0, "ngay": ["2026-10-07", "2026-10-08", "2026-10-09", "2026-10-10"], "muc": [0, 0, 0, 0], "mua_mm": [0, 0, 0, 4.8], "nguong_mm": [100.0, 100.0, 100.0, 100.0], "xac_suat_dat_nguong": [0.0, 0.0, 0.0, 0.0], "he_so_an_toan": [1.753, 1.754, 1.754, 1.754], "xac_suat_FS_nho_hon_1": [0.0, 0.0, 0.0, 0.0], "do_doc": 21.9}}, {"type": "Feature", "geometry": {"type": "Point", "coordinates": [104.82766, 21.89498]}, "properties": {"loai": "diem", "id": "QL70-45", "kv": "QL70", "km": 45.0, "ngay": ["2026-10-07", "2026-10-08", "2026-10-09", "2026-10-10"], "muc": [0, 0, 0, 0], "mua_mm": [0, 0, 0, 4.7], "nguong_mm": [100.0, 100.0, 100.0, 100.0], "xac_suat_dat_nguong": [0.0, 0.0, 0.0, 0.0], "he_so_an_toan": [1.444, 1.445, 1.445, 1.445], "xac_suat_FS_nho_hon_1": [0.0, 0.0, 0.0, 0.0], "do_doc": 30.8}}, {"type": "Feature", "geometry": {"type": "Point", "coordinates": [104.79674, 21.92586]}, "properties": {"loai": "diem", "id": "QL70-50", "kv": "QL70", "km": 50.0, "ngay": ["2026-10-07", "2026-10-08", "2026-10-09", "2026-10-10"], "muc": [0, 0, 0, 0], "mua_mm": [0, 0, 0, 4.7], "nguong_mm": [100.0, 100.0, 100.0, 100.0], "xac_suat_dat_nguong": [0.0, 0.0, 0.0, 0.0], "he_so_an_toan": [1.543, 1.544, 1.545, 1.545], "xac_suat_FS_nho_hon_1": [0.0, 0.0, 0.0, 0.0], "do_doc": 26.7}}, {"type": "Feature", "geometry": {"type": "Point", "coordinates": [104.76793, 21.95606]}, "properties": {"loai": "diem", "id": "QL70-55", "kv": "QL70", "km": 55.0, "ngay": ["2026-10-07", "2026-10-08", "2026-10-09", "2026-10-10"], "muc": [0, 0, 0, 0], "mua_mm": [0, 0, 0, 4.7], "nguong_mm": [100.0, 100.0, 100.0, 100.0], "xac_suat_dat_nguong": [0.0, 0.0, 0.0, 0.0], "he_so_an_toan": [1.629, 1.63, 1.63, 1.63], "xac_suat_FS_nho_hon_1": [0.0, 0.0, 0.0, 0.0], "do_doc": 24.4}}, {"type": "Feature", "geometry": {"type": "Point", "coordinates": [104.74143, 21.98764]}, "properties": {"loai": "diem", "id": "QL70-60", "kv": "QL70", "km": 60.0, "ngay": ["2026-10-07", "2026-10-08", "2026-10-09", "2026-10-10"], "muc": [0, 0, 0, 0], "mua_mm": [0, 0, 0, 4.7], "nguong_mm": [100.0, 100.0, 100.0, 100.0], "xac_suat_dat_nguong": [0.0, 0.0, 0.0, 0.0], "he_so_an_toan": [1.458, 1.459, 1.459, 1.459], "xac_suat_FS_nho_hon_1": [0.0, 0.0, 0.0, 0.0], "do_doc": 30.0}}, {"type": "Feature", "geometry": {"type": "Point", "coordinates": [104.7138, 22.0157]}, "properties": {"loai": "diem", "id": "QL70-65", "kv": "QL70", "km": 65.0, "ngay": ["2026-10-07", "2026-10-08", "2026-10-09", "2026-10-10"], "muc": [0, 0, 0, 0], "mua_mm": [0, 0, 0, 4.7], "nguong_mm": [100.0, 100.0, 100.0, 100.0], "xac_suat_dat_nguong": [0.0, 0.0, 0.0, 0.0], "he_so_an_toan": [1.489, 1.49, 1.491, 1.491], "xac_suat_FS_nho_hon_1": [0.0, 0.0, 0.0, 0.0], "do_doc": 28.6}}, {"type": "Feature", "geometry": {"type": "Point", "coordinates": [104.68104, 22.04024]}, "properties": {"loai": "diem", "id": "QL70-70", "kv": "QL70", "km": 70.0, "ngay": ["2026-10-07", "2026-10-08", "2026-10-09", "2026-10-10"], "muc": [0, 0, 0, 0], "mua_mm": [0, 0, 0, 4.7], "nguong_mm": [100.0, 100.0, 100.0, 100.0], "xac_suat_dat_nguong": [0.0, 0.0, 0.0, 0.0], "he_so_an_toan": [1.655, 1.656, 1.657, 1.657], "xac_suat_FS_nho_hon_1": [0.0, 0.0, 0.0, 0.0], "do_doc": 23.8}}, {"type": "Feature", "geometry": {"type": "Point", "coordinates": [104.67305, 22.07178]}, "properties": {"loai": "diem", "id": "QL70-75", "kv": "QL70", "km": 75.0, "ngay": ["2026-10-07", "2026-10-08", "2026-10-09", "2026-10-10"], "muc": [0, 0, 0, 0], "mua_mm": [0, 0, 0, 4.7], "nguong_mm": [100.0, 100.0, 100.0, 100.0], "xac_suat_dat_nguong": [0.0, 0.0, 0.0, 0.0], "he_so_an_toan": [1.516, 1.516, 1.517, 1.517], "xac_suat_FS_nho_hon_1": [0.0, 0.0, 0.0, 0.0], "do_doc": 27.6}}, {"type": "Feature", "geometry": {"type": "Point", "coordinates": [104.67523, 22.10056]}, "properties": {"loai": "diem", "id": "QL70-80", "kv": "QL70", "km": 80.0, "ngay": ["2026-10-07", "2026-10-08", "2026-10-09", "2026-10-10"], "muc": [0, 0, 0, 0], "mua_mm": [0, 0, 0, 4.7], "nguong_mm": [100.0, 100.0, 100.0, 100.0], "xac_suat_dat_nguong": [0.0, 0.0, 0.0, 0.0], "he_so_an_toan": [1.446, 1.447, 1.448, 1.448], "xac_suat_FS_nho_hon_1": [0.0, 0.0, 0.0, 0.0], "do_doc": 30.6}}, {"type": "Feature", "geometry": {"type": "Point", "coordinates": [104.64477, 22.13094]}, "properties": {"loai": "diem", "id": "QL70-85", "kv": "QL70", "km": 85.0, "ngay": ["2026-10-07", "2026-10-08", "2026-10-09", "2026-10-10"], "muc": [0, 0, 0, 0], "mua_mm": [0, 0, 0, 4.8], "nguong_mm": [100.0, 100.0, 100.0, 100.0], "xac_suat_dat_nguong": [0.0, 0.0, 0.0, 0.0], "he_so_an_toan": [1.451, 1.451, 1.452, 1.452], "xac_suat_FS_nho_hon_1": [0.0, 0.0, 0.0, 0.0], "do_doc": 30.4}}, {"type": "Feature", "geometry": {"type": "Point", "coordinates": [104.61086, 22.15658]}, "properties": {"loai": "diem", "id": "QL70-90", "kv": "QL70", "km": 90.0, "ngay": ["2026-10-07", "2026-10-08", "2026-10-09", "2026-10-10"], "muc": [0, 0, 0, 0], "mua_mm": [0, 0, 0, 7.1], "nguong_mm": [100.0, 100.0, 100.0, 100.0], "xac_suat_dat_nguong": [0.0, 0.0, 0.0, 0.0], "he_so_an_toan": [1.494, 1.495, 1.495, 1.495], "xac_suat_FS_nho_hon_1": [0.0, 0.0, 0.0, 0.0], "do_doc": 28.4}}, {"type": "Feature", "geometry": {"type": "Point", "coordinates": [104.57978, 22.18177]}, "properties": {"loai": "diem", "id": "QL70-95", "kv": "QL70", "km": 95.0, "ngay": ["2026-10-07", "2026-10-08", "2026-10-09", "2026-10-10"], "muc": [0, 0, 0, 0], "mua_mm": [0, 0, 0, 7.1], "nguong_mm": [100.0, 100.0, 100.0, 100.0], "xac_suat_dat_nguong": [0.0, 0.0, 0.0, 0.0], "he_so_an_toan": [1.479, 1.48, 1.481, 1.481], "xac_suat_FS_nho_hon_1": [0.0, 0.0, 0.0, 0.0], "do_doc": 29.0}}, {"type": "Feature", "geometry": {"type": "Point", "coordinates": [104.54066, 22.20033]}, "properties": {"loai": "diem", "id": "QL70-100", "kv": "QL70", "km": 100.0, "ngay": ["2026-10-07", "2026-10-08", "2026-10-09", "2026-10-10"], "muc": [0, 0, 0, 0], "mua_mm": [0, 0, 0, 7.1], "nguong_mm": [100.0, 100.0, 100.0, 100.0], "xac_suat_dat_nguong": [0.0, 0.0, 0.0, 0.0], "he_so_an_toan": [1.445, 1.446, 1.447, 1.447], "xac_suat_FS_nho_hon_1": [0.0, 0.0, 0.0, 0.0], "do_doc": 30.6}}, {"type": "Feature", "geometry": {"type": "Point", "coordinates": [104.50205, 22.2123]}, "properties": {"loai": "diem", "id": "QL70-105", "kv": "QL70", "km": 105.0, "ngay": ["2026-10-07", "2026-10-08", "2026-10-09", "2026-10-10"], "muc": [0, 0, 0, 0], "mua_mm": [0, 0, 0, 7.1], "nguong_mm": [100.0, 100.0, 100.0, 100.0], "xac_suat_dat_nguong": [0.0, 0.0, 0.0, 0.0], "he_so_an_toan": [1.873, 1.874, 1.874, 1.875], "xac_suat_FS_nho_hon_1": [0.0, 0.0, 0.0, 0.0], "do_doc": 20.0}}, {"type": "Feature", "geometry": {"type": "Point", "coordinates": [104.47446, 22.23999]}, "properties": {"loai": "diem", "id": "QL70-110", "kv": "QL70", "km": 110.0, "ngay": ["2026-10-07", "2026-10-08", "2026-10-09", "2026-10-10"], "muc": [0, 0, 0, 0], "mua_mm": [0, 0, 0, 7.1], "nguong_mm": [100.0, 100.0, 100.0, 100.0], "xac_suat_dat_nguong": [0.0, 0.0, 0.0, 0.0], "he_so_an_toan": [1.454, 1.455, 1.456, 1.456], "xac_suat_FS_nho_hon_1": [0.0, 0.0, 0.0, 0.0], "do_doc": 30.1}}, {"type": "Feature", "geometry": {"type": "Point", "coordinates": [104.4413, 22.25425]}, "properties": {"loai": "diem", "id": "QL70-115", "kv": "QL70", "km": 115.0, "ngay": ["2026-10-07", "2026-10-08", "2026-10-09", "2026-10-10"], "muc": [0, 0, 0, 0], "mua_mm": [0, 0, 0, 7.1], "nguong_mm": [100.0, 100.0, 100.0, 100.0], "xac_suat_dat_nguong": [0.0, 0.0, 0.0, 0.0], "he_so_an_toan": [1.824, 1.825, 1.826, 1.826], "xac_suat_FS_nho_hon_1": [0.0, 0.0, 0.0, 0.0], "do_doc": 20.7}}, {"type": "Feature", "geometry": {"type": "Point", "coordinates": [104.40763, 22.27489]}, "properties": {"loai": "diem", "id": "QL70-120", "kv": "QL70", "km": 120.0, "ngay": ["2026-10-07", "2026-10-08", "2026-10-09", "2026-10-10"], "muc": [0, 0, 0, 0], "mua_mm": [0, 0, 0, 7.1], "nguong_mm": [100.0, 100.0, 100.0, 100.0], "xac_suat_dat_nguong": [0.0, 0.0, 0.0, 0.0], "he_so_an_toan": [1.5, 1.501, 1.502, 1.502], "xac_suat_FS_nho_hon_1": [0.0, 0.0, 0.0, 0.0], "do_doc": 28.1}}, {"type": "Feature", "geometry": {"type": "Point", "coordinates": [104.37872, 22.28978]}, "properties": {"loai": "diem", "id": "QL70-125", "kv": "QL70", "km": 125.0, "ngay": ["2026-10-07", "2026-10-08", "2026-10-09", "2026-10-10"], "muc": [0, 0, 0, 0], "mua_mm": [0, 0, 0, 7.1], "nguong_mm": [100.0, 100.0, 100.0, 100.0], "xac_suat_dat_nguong": [0.0, 0.0, 0.0, 0.0], "he_so_an_toan": [1.572, 1.573, 1.574, 1.574], "xac_suat_FS_nho_hon_1": [0.0, 0.0, 0.0, 0.0], "do_doc": 25.8}}, {"type": "Feature", "geometry": {"type": "Point", "coordinates": [104.34195, 22.30992]}, "properties": {"loai": "diem", "id": "QL70-130", "kv": "QL70", "km": 130.0, "ngay": ["2026-10-07", "2026-10-08", "2026-10-09", "2026-10-10"], "muc": [0, 0, 0, 0], "mua_mm": [0, 0, 0, 6.6], "nguong_mm": [100.0, 100.0, 100.0, 100.0], "xac_suat_dat_nguong": [0.0, 0.0, 0.0, 0.0], "he_so_an_toan": [1.439, 1.441, 1.443, 1.444], "xac_suat_FS_nho_hon_1": [0.0, 0.0, 0.0, 0.0], "do_doc": 41.2}}, {"type": "Feature", "geometry": {"type": "Point", "coordinates": [104.30556, 22.33266]}, "properties": {"loai": "diem", "id": "QL70-135", "kv": "QL70", "km": 135.0, "ngay": ["2026-10-07", "2026-10-08", "2026-10-09", "2026-10-10"], "muc": [0, 0, 0, 0], "mua_mm": [0, 0, 0, 6.6], "nguong_mm": [100.0, 100.0, 100.0, 100.0], "xac_suat_dat_nguong": [0.0, 0.0, 0.0, 0.0], "he_so_an_toan": [1.413, 1.415, 1.416, 1.417], "xac_suat_FS_nho_hon_1": [0.0, 0.0, 0.0, 0.0], "do_doc": 32.6}}, {"type": "Feature", "geometry": {"type": "Point", "coordinates": [104.2701, 22.35992]}, "properties": {"loai": "diem", "id": "QL70-140", "kv": "QL70", "km": 140.0, "ngay": ["2026-10-07", "2026-10-08", "2026-10-09", "2026-10-10"], "muc": [0, 0, 0, 0], "mua_mm": [0, 0, 0, 6.6], "nguong_mm": [100.0, 100.0, 100.0, 100.0], "xac_suat_dat_nguong": [0.0, 0.0, 0.0, 0.0], "he_so_an_toan": [2.253, 2.255, 2.256, 2.257], "xac_suat_FS_nho_hon_1": [0.0, 0.0, 0.0, 0.0], "do_doc": 16.4}}, {"type": "Feature", "geometry": {"type": "Point", "coordinates": [104.23809, 22.38646]}, "properties": {"loai": "diem", "id": "QL70-145", "kv": "QL70", "km": 145.0, "ngay": ["2026-10-07", "2026-10-08", "2026-10-09", "2026-10-10"], "muc": [0, 0, 0, 0], "mua_mm": [0, 0, 0, 6.6], "nguong_mm": [100.0, 100.0, 100.0, 100.0], "xac_suat_dat_nguong": [0.0, 0.0, 0.0, 0.0], "he_so_an_toan": [1.416, 1.417, 1.418, 1.419], "xac_suat_FS_nho_hon_1": [0.0, 0.0, 0.0, 0.0], "do_doc": 32.4}}, {"type": "Feature", "geometry": {"type": "Point", "coordinates": [104.20198, 22.4087]}, "properties": {"loai": "diem", "id": "QL70-150", "kv": "QL70", "km": 150.0, "ngay": ["2026-10-07", "2026-10-08", "2026-10-09", "2026-10-10"], "muc": [0, 0, 0, 0], "mua_mm": [0.4, 0, 0, 5.2], "nguong_mm": [100.0, 100.0, 100.0, 100.0], "xac_suat_dat_nguong": [0.0, 0.0, 0.0, 0.0], "he_so_an_toan": [1.71, 1.712, 1.713, 1.714], "xac_suat_FS_nho_hon_1": [0.0, 0.0, 0.0, 0.0], "do_doc": 22.6}}, {"type": "Feature", "geometry": {"type": "Point", "coordinates": [104.16434, 22.43267]}, "properties": {"loai": "diem", "id": "QL70-155", "kv": "QL70", "km": 155.0, "ngay": ["2026-10-07", "2026-10-08", "2026-10-09", "2026-10-10"], "muc": [0, 0, 0, 0], "mua_mm": [0, 0, 0, 0.8], "nguong_mm": [100.0, 100.0, 100.0, 100.0], "xac_suat_dat_nguong": [0.0, 0.0, 0.0, 0.0], "he_so_an_toan": [1.605, 1.606, 1.607, 1.608], "xac_suat_FS_nho_hon_1": [0.0, 0.0, 0.0, 0.0], "do_doc": 24.9}}, {"type": "Feature", "geometry": {"type": "Point", "coordinates": [104.13868, 22.46082]}, "properties": {"loai": "diem", "id": "QL70-160", "kv": "QL70", "km": 160.0, "ngay": ["2026-10-07", "2026-10-08", "2026-10-09", "2026-10-10"], "muc": [0, 0, 0, 0], "mua_mm": [0, 0, 0, 0.8], "nguong_mm": [100.0, 100.0, 100.0, 100.0], "xac_suat_dat_nguong": [0.0, 0.0, 0.0, 0.0], "he_so_an_toan": [1.44, 1.441, 1.442, 1.443], "xac_suat_FS_nho_hon_1": [0.0, 0.0, 0.0, 0.0], "do_doc": 30.8}}, {"type": "Feature", "geometry": {"type": "Point", "coordinates": [104.10609, 22.49062]}, "properties": {"loai": "diem", "id": "QL70-165", "kv": "QL70", "km": 165.0, "ngay": ["2026-10-07", "2026-10-08", "2026-10-09", "2026-10-10"], "muc": [0, 0, 0, 0], "mua_mm": [0, 0, 0, 0.8], "nguong_mm": [100.0, 100.0, 100.0, 100.0], "xac_suat_dat_nguong": [0.0, 0.0, 0.0, 0.0], "he_so_an_toan": [2.536, 2.538, 2.539, 2.54], "xac_suat_FS_nho_hon_1": [0.0, 0.0, 0.0, 0.0], "do_doc": 14.5}}, {"type": "Feature", "geometry": {"type": "Point", "coordinates": [104.06702, 22.50829]}, "properties": {"loai": "diem", "id": "QL70-170", "kv": "QL70", "km": 170.0, "ngay": ["2026-10-07", "2026-10-08", "2026-10-09", "2026-10-10"], "muc": [0, 0, 0, 0], "mua_mm": [0, 0, 0, 0.8], "nguong_mm": [100.0, 100.0, 100.0, 100.0], "xac_suat_dat_nguong": [0.0, 0.0, 0.0, 0.0], "he_so_an_toan": [1.626, 1.627, 1.628, 1.629], "xac_suat_FS_nho_hon_1": [0.0, 0.0, 0.0, 0.0], "do_doc": 24.4}}, {"type": "Feature", "geometry": {"type": "Point", "coordinates": [104.02686, 22.51603]}, "properties": {"loai": "diem", "id": "QL70-175", "kv": "QL70", "km": 175.0, "ngay": ["2026-10-07", "2026-10-08", "2026-10-09", "2026-10-10"], "muc": [0, 0, 0, 0], "mua_mm": [0, 0, 0, 0.8], "nguong_mm": [100.0, 100.0, 100.0, 100.0], "xac_suat_dat_nguong": [0.0, 0.0, 0.0, 0.0], "he_so_an_toan": [1.394, 1.396, 1.397, 1.398], "xac_suat_FS_nho_hon_1": [0.0, 0.0, 0.0, 0.0], "do_doc": 36.3}}, {"type": "Feature", "geometry": {"type": "Point", "coordinates": [103.9862, 22.51323]}, "properties": {"loai": "diem", "id": "QL70-180", "kv": "QL70", "km": 180.0, "ngay": ["2026-10-07", "2026-10-08", "2026-10-09", "2026-10-10"], "muc": [0, 0, 0, 0], "mua_mm": [0, 0, 0, 0.8], "nguong_mm": [100.0, 100.0, 100.0, 100.0], "xac_suat_dat_nguong": [0.0, 0.0, 0.0, 0.0], "he_so_an_toan": [1.396, 1.397, 1.398, 1.399], "xac_suat_FS_nho_hon_1": [0.0, 0.0, 0.0, 0.0], "do_doc": 37.1}}, {"type": "Feature", "geometry": {"type": "Point", "coordinates": [103.93428, 22.02613]}, "properties": {"loai": "diem", "id": "QL279-0", "kv": "QL279", "km": 0.0, "ngay": ["2026-10-07", "2026-10-08", "2026-10-09", "2026-10-10"], "muc": [0, 0, 0, 0], "mua_mm": [0, 0, 0, 5.9], "nguong_mm": [100.0, 100.0, 100.0, 100.0], "xac_suat_dat_nguong": [0.0, 0.0, 0.0, 0.0], "he_so_an_toan": [1.495, 1.495, 1.496, 1.496], "xac_suat_FS_nho_hon_1": [0.0, 0.0, 0.0, 0.0], "do_doc": 28.4}}, {"type": "Feature", "geometry": {"type": "Point", "coordinates": [103.95198, 22.04596]}, "properties": {"loai": "diem", "id": "QL279-5", "kv": "QL279", "km": 5.0, "ngay": ["2026-10-07", "2026-10-08", "2026-10-09", "2026-10-10"], "muc": [0, 0, 0, 0], "mua_mm": [0, 0, 0, 5.9], "nguong_mm": [100.0, 100.0, 100.0, 100.0], "xac_suat_dat_nguong": [0.0, 0.0, 0.0, 0.0], "he_so_an_toan": [1.431, 1.432, 1.433, 1.433], "xac_suat_FS_nho_hon_1": [0.0, 0.0, 0.0, 0.0], "do_doc": 40.4}}, {"type": "Feature", "geometry": {"type": "Point", "coordinates": [103.96623, 22.04555]}, "properties": {"loai": "diem", "id": "QL279-10", "kv": "QL279", "km": 10.0, "ngay": ["2026-10-07", "2026-10-08", "2026-10-09", "2026-10-10"], "muc": [0, 0, 0, 0], "mua_mm": [0, 0, 0, 5.9], "nguong_mm": [100.0, 100.0, 100.0, 100.0], "xac_suat_dat_nguong": [0.0, 0.0, 0.0, 0.0], "he_so_an_toan": [1.446, 1.447, 1.447, 1.447], "xac_suat_FS_nho_hon_1": [0.0, 0.0, 0.0, 0.0], "do_doc": 41.2}}, {"type": "Feature", "geometry": {"type": "Point", "coordinates": [103.9883, 22.04046]}, "properties": {"loai": "diem", "id": "QL279-15", "kv": "QL279", "km": 15.0, "ngay": ["2026-10-07", "2026-10-08", "2026-10-09", "2026-10-10"], "muc": [0, 0, 0, 0], "mua_mm": [0, 0, 0, 5.9], "nguong_mm": [100.0, 100.0, 100.0, 100.0], "xac_suat_dat_nguong": [0.0, 0.0, 0.0, 0.0], "he_so_an_toan": [1.42, 1.42, 1.421, 1.421], "xac_suat_FS_nho_hon_1": [0.0, 0.0, 0.0, 0.0], "do_doc": 39.6}}, {"type": "Feature", "geometry": {"type": "Point", "coordinates": [104.02392, 22.03454]}, "properties": {"loai": "diem", "id": "QL279-20", "kv": "QL279", "km": 20.0, "ngay": ["2026-10-07", "2026-10-08", "2026-10-09", "2026-10-10"], "muc": [0, 0, 0, 0], "mua_mm": [0, 0, 0, 5.9], "nguong_mm": [100.0, 100.0, 100.0, 100.0], "xac_suat_dat_nguong": [0.0, 0.0, 0.0, 0.0], "he_so_an_toan": [1.396, 1.397, 1.398, 1.398], "xac_suat_FS_nho_hon_1": [0.0, 0.0, 0.0, 0.0], "do_doc": 36.3}}, {"type": "Feature", "geometry": {"type": "Point", "coordinates": [104.05491, 22.00832]}, "properties": {"loai": "diem", "id": "QL279-25", "kv": "QL279", "km": 25.0, "ngay": ["2026-10-07", "2026-10-08", "2026-10-09", "2026-10-10"], "muc": [0, 0, 0, 0], "mua_mm": [0, 0, 0, 5.9], "nguong_mm": [100.0, 100.0, 100.0, 100.0], "xac_suat_dat_nguong": [0.0, 0.0, 0.0, 0.0], "he_so_an_toan": [2.59, 2.592, 2.593, 2.593], "xac_suat_FS_nho_hon_1": [0.0, 0.0, 0.0, 0.0], "do_doc": 14.2}}, {"type": "Feature", "geometry": {"type": "Point", "coordinates": [104.08165, 22.02584]}, "properties": {"loai": "diem", "id": "QL279-30", "kv": "QL279", "km": 30.0, "ngay": ["2026-10-07", "2026-10-08", "2026-10-09", "2026-10-10"], "muc": [0, 0, 0, 0], "mua_mm": [0, 0, 0, 5.9], "nguong_mm": [100.0, 100.0, 100.0, 100.0], "xac_suat_dat_nguong": [0.0, 0.0, 0.0, 0.0], "he_so_an_toan": [1.553, 1.555, 1.557, 1.557], "xac_suat_FS_nho_hon_1": [0.0, 0.0, 0.0, 0.0], "do_doc": 44.9}}, {"type": "Feature", "geometry": {"type": "Point", "coordinates": [104.11055, 22.04545]}, "properties": {"loai": "diem", "id": "QL279-35", "kv": "QL279", "km": 35.0, "ngay": ["2026-10-07", "2026-10-08", "2026-10-09", "2026-10-10"], "muc": [0, 0, 0, 0], "mua_mm": [0, 0, 0, 5.9], "nguong_mm": [100.0, 100.0, 100.0, 100.0], "xac_suat_dat_nguong": [0.0, 0.0, 0.0, 0.0], "he_so_an_toan": [1.591, 1.592, 1.593, 1.593], "xac_suat_FS_nho_hon_1": [0.0, 0.0, 0.0, 0.0], "do_doc": 25.3}}, {"type": "Feature", "geometry": {"type": "Point", "coordinates": [104.15134, 22.05899]}, "properties": {"loai": "diem", "id": "QL279-40", "kv": "QL279", "km": 40.0, "ngay": ["2026-10-07", "2026-10-08", "2026-10-09", "2026-10-10"], "muc": [0, 0, 0, 0], "mua_mm": [0, 0, 0, 6.6], "nguong_mm": [100.0, 100.0, 100.0, 100.0], "xac_suat_dat_nguong": [0.0, 0.0, 0.0, 0.0], "he_so_an_toan": [2.64, 2.642, 2.644, 2.645], "xac_suat_FS_nho_hon_1": [0.0, 0.0, 0.0, 0.0], "do_doc": 13.9}}, {"type": "Feature", "geometry": {"type": "Point", "coordinates": [104.18373, 22.08348]}, "properties": {"loai": "diem", "id": "QL279-45", "kv": "QL279", "km": 45.0, "ngay": ["2026-10-07", "2026-10-08", "2026-10-09", "2026-10-10"], "muc": [0, 0, 0, 0], "mua_mm": [0, 0, 0, 6.6], "nguong_mm": [100.0, 100.0, 100.0, 100.0], "xac_suat_dat_nguong": [0.0, 0.0, 0.0, 0.0], "he_so_an_toan": [1.462, 1.463, 1.465, 1.465], "xac_suat_FS_nho_hon_1": [0.0, 0.0, 0.0, 0.0], "do_doc": 29.6}}, {"type": "Feature", "geometry": {"type": "Point", "coordinates": [104.22462, 22.08558]}, "properties": {"loai": "diem", "id": "QL279-50", "kv": "QL279", "km": 50.0, "ngay": ["2026-10-07", "2026-10-08", "2026-10-09", "2026-10-10"], "muc": [0, 0, 0, 0], "mua_mm": [0, 0, 0, 6.6], "nguong_mm": [100.0, 100.0, 100.0, 100.0], "xac_suat_dat_nguong": [0.0, 0.0, 0.0, 0.0], "he_so_an_toan": [2.641, 2.643, 2.644, 2.645], "xac_suat_FS_nho_hon_1": [0.0, 0.0, 0.0, 0.0], "do_doc": 13.9}}, {"type": "Feature", "geometry": {"type": "Point", "coordinates": [104.25965, 22.09823]}, "properties": {"loai": "diem", "id": "QL279-55", "kv": "QL279", "km": 55.0, "ngay": ["2026-10-07", "2026-10-08", "2026-10-09", "2026-10-10"], "muc": [0, 0, 0, 0], "mua_mm": [0, 0, 0, 6.6], "nguong_mm": [100.0, 100.0, 100.0, 100.0], "xac_suat_dat_nguong": [0.0, 0.0, 0.0, 0.0], "he_so_an_toan": [1.501, 1.502, 1.503, 1.504], "xac_suat_FS_nho_hon_1": [0.0, 0.0, 0.0, 0.0], "do_doc": 28.0}}, {"type": "Feature", "geometry": {"type": "Point", "coordinates": [104.27445, 22.1235]}, "properties": {"loai": "diem", "id": "QL279-60", "kv": "QL279", "km": 60.0, "ngay": ["2026-10-07", "2026-10-08", "2026-10-09", "2026-10-10"], "muc": [0, 0, 0, 0], "mua_mm": [0, 0, 0, 6.6], "nguong_mm": [100.0, 100.0, 100.0, 100.0], "xac_suat_dat_nguong": [0.0, 0.0, 0.0, 0.0], "he_so_an_toan": [1.426, 1.428, 1.429, 1.43], "xac_suat_FS_nho_hon_1": [0.0, 0.0, 0.0, 0.0], "do_doc": 31.6}}, {"type": "Feature", "geometry": {"type": "Point", "coordinates": [104.30858, 22.14025]}, "properties": {"loai": "diem", "id": "QL279-65", "kv": "QL279", "km": 65.0, "ngay": ["2026-10-07", "2026-10-08", "2026-10-09", "2026-10-10"], "muc": [0, 0, 0, 0], "mua_mm": [0, 0, 0, 6.6], "nguong_mm": [100.0, 100.0, 100.0, 100.0], "xac_suat_dat_nguong": [0.0, 0.0, 0.0, 0.0], "he_so_an_toan": [1.419, 1.421, 1.422, 1.423], "xac_suat_FS_nho_hon_1": [0.0, 0.0, 0.0, 0.0], "do_doc": 32.1}}, {"type": "Feature", "geometry": {"type": "Point", "coordinates": [104.33504, 22.14865]}, "properties": {"loai": "diem", "id": "QL279-70", "kv": "QL279", "km": 70.0, "ngay": ["2026-10-07", "2026-10-08", "2026-10-09", "2026-10-10"], "muc": [0, 0, 0, 0], "mua_mm": [0, 0, 0, 6.6], "nguong_mm": [100.0, 100.0, 100.0, 100.0], "xac_suat_dat_nguong": [0.0, 0.0, 0.0, 0.0], "he_so_an_toan": [1.422, 1.424, 1.425, 1.425], "xac_suat_FS_nho_hon_1": [0.0, 0.0, 0.0, 0.0], "do_doc": 31.9}}, {"type": "Feature", "geometry": {"type": "Point", "coordinates": [104.35375, 22.17953]}, "properties": {"loai": "diem", "id": "QL279-75", "kv": "QL279", "km": 75.0, "ngay": ["2026-10-07", "2026-10-08", "2026-10-09", "2026-10-10"], "muc": [0, 0, 0, 0], "mua_mm": [0, 0, 0, 6.6], "nguong_mm": [100.0, 100.0, 100.0, 100.0], "xac_suat_dat_nguong": [0.0, 0.0, 0.0, 0.0], "he_so_an_toan": [2.063, 2.065, 2.066, 2.067], "xac_suat_FS_nho_hon_1": [0.0, 0.0, 0.0, 0.0], "do_doc": 18.0}}, {"type": "Feature", "geometry": {"type": "Point", "coordinates": [104.38887, 22.20042]}, "properties": {"loai": "diem", "id": "QL279-80", "kv": "QL279", "km": 80.0, "ngay": ["2026-10-07", "2026-10-08", "2026-10-09", "2026-10-10"], "muc": [0, 0, 0, 0], "mua_mm": [0, 0, 0, 7.1], "nguong_mm": [100.0, 100.0, 100.0, 100.0], "xac_suat_dat_nguong": [0.0, 0.0, 0.0, 0.0], "he_so_an_toan": [1.429, 1.43, 1.431, 1.431], "xac_suat_FS_nho_hon_1": [0.0, 0.0, 0.0, 0.0], "do_doc": 31.6}}, {"type": "Feature", "geometry": {"type": "Point", "coordinates": [104.42297, 22.21594]}, "properties": {"loai": "diem", "id": "QL279-85", "kv": "QL279", "km": 85.0, "ngay": ["2026-10-07", "2026-10-08", "2026-10-09", "2026-10-10"], "muc": [0, 0, 0, 0], "mua_mm": [0, 0, 0, 7.1], "nguong_mm": [100.0, 100.0, 100.0, 100.0], "xac_suat_dat_nguong": [0.0, 0.0, 0.0, 0.0], "he_so_an_toan": [1.395, 1.397, 1.398, 1.398], "xac_suat_FS_nho_hon_1": [0.0, 0.0, 0.0, 0.0], "do_doc": 36.4}}, {"type": "Feature", "geometry": {"type": "Point", "coordinates": [104.45127, 22.23011]}, "properties": {"loai": "diem", "id": "QL279-90", "kv": "QL279", "km": 90.0, "ngay": ["2026-10-07", "2026-10-08", "2026-10-09", "2026-10-10"], "muc": [0, 0, 0, 0], "mua_mm": [0, 0, 0, 7.1], "nguong_mm": [100.0, 100.0, 100.0, 100.0], "xac_suat_dat_nguong": [0.0, 0.0, 0.0, 0.0], "he_so_an_toan": [1.45, 1.451, 1.452, 1.452], "xac_suat_FS_nho_hon_1": [0.0, 0.0, 0.0, 0.0], "do_doc": 30.3}}, {"type": "Feature", "geometry": {"type": "Point", "coordinates": [104.47813, 22.2363]}, "properties": {"loai": "diem", "id": "QL279-95", "kv": "QL279", "km": 95.0, "ngay": ["2026-10-07", "2026-10-08", "2026-10-09", "2026-10-10"], "muc": [0, 0, 0, 0], "mua_mm": [0, 0, 0, 7.1], "nguong_mm": [100.0, 100.0, 100.0, 100.0], "xac_suat_dat_nguong": [0.0, 0.0, 0.0, 0.0], "he_so_an_toan": [1.487, 1.488, 1.489, 1.489], "xac_suat_FS_nho_hon_1": [0.0, 0.0, 0.0, 0.0], "do_doc": 28.6}}, {"type": "Feature", "geometry": {"type": "Point", "coordinates": [104.48857, 22.26782]}, "properties": {"loai": "diem", "id": "QL279-100", "kv": "QL279", "km": 100.0, "ngay": ["2026-10-07", "2026-10-08", "2026-10-09", "2026-10-10"], "muc": [0, 0, 0, 0], "mua_mm": [0, 0, 0, 7.1], "nguong_mm": [100.0, 100.0, 100.0, 100.0], "xac_suat_dat_nguong": [0.0, 0.0, 0.0, 0.0], "he_so_an_toan": [1.498, 1.5, 1.501, 1.502], "xac_suat_FS_nho_hon_1": [0.0, 0.0, 0.0, 0.0], "do_doc": 43.4}}, {"type": "Feature", "geometry": {"type": "Point", "coordinates": [104.476, 22.29766]}, "properties": {"loai": "diem", "id": "QL279-105", "kv": "QL279", "km": 105.0, "ngay": ["2026-10-07", "2026-10-08", "2026-10-09", "2026-10-10"], "muc": [0, 0, 0, 0], "mua_mm": [0, 0, 0, 7.1], "nguong_mm": [100.0, 100.0, 100.0, 100.0], "xac_suat_dat_nguong": [0.0, 0.0, 0.0, 0.0], "he_so_an_toan": [1.403, 1.405, 1.406, 1.406], "xac_suat_FS_nho_hon_1": [0.0, 0.0, 0.0, 0.0], "do_doc": 38.3}}, {"type": "Feature", "geometry": {"type": "Point", "coordinates": [104.48612, 22.33266]}, "properties": {"loai": "diem", "id": "QL279-110", "kv": "QL279", "km": 110.0, "ngay": ["2026-10-07", "2026-10-08", "2026-10-09", "2026-10-10"], "muc": [0, 0, 0, 0], "mua_mm": [0, 0, 0, 7.1], "nguong_mm": [100.0, 100.0, 100.0, 100.0], "xac_suat_dat_nguong": [0.0, 0.0, 0.0, 0.0], "he_so_an_toan": [1.396, 1.397, 1.398, 1.398], "xac_suat_FS_nho_hon_1": [0.0, 0.0, 0.0, 0.0], "do_doc": 36.3}}, {"type": "Feature", "geometry": {"type": "Point", "coordinates": [104.48626, 22.35799]}, "properties": {"loai": "diem", "id": "QL279-115", "kv": "QL279", "km": 115.0, "ngay": ["2026-10-07", "2026-10-08", "2026-10-09", "2026-10-10"], "muc": [0, 0, 0, 0], "mua_mm": [0, 0, 0, 7.1], "nguong_mm": [100.0, 100.0, 100.0, 100.0], "xac_suat_dat_nguong": [0.0, 0.0, 0.0, 0.0], "he_so_an_toan": [1.511, 1.512, 1.513, 1.513], "xac_suat_FS_nho_hon_1": [0.0, 0.0, 0.0, 0.0], "do_doc": 27.7}}, {"type": "Feature", "geometry": {"type": "Point", "coordinates": [104.46713, 22.39232]}, "properties": {"loai": "diem", "id": "QL279-120", "kv": "QL279", "km": 120.0, "ngay": ["2026-10-07", "2026-10-08", "2026-10-09", "2026-10-10"], "muc": [0, 0, 0, 0], "mua_mm": [0, 0, 0, 2.9], "nguong_mm": [100.0, 100.0, 100.0, 100.0], "xac_suat_dat_nguong": [0.0, 0.0, 0.0, 0.0], "he_so_an_toan": [1.858, 1.859, 1.86, 1.86], "xac_suat_FS_nho_hon_1": [0.0, 0.0, 0.0, 0.0], "do_doc": 20.2}}, {"type": "Feature", "geometry": {"type": "Point", "coordinates": [104.49081, 22.41378]}, "properties": {"loai": "diem", "id": "QL279-125", "kv": "QL279", "km": 125.0, "ngay": ["2026-10-07", "2026-10-08", "2026-10-09", "2026-10-10"], "muc": [0, 0, 0, 0], "mua_mm": [0, 0, 0, 2.9], "nguong_mm": [100.0, 100.0, 100.0, 100.0], "xac_suat_dat_nguong": [0.0, 0.0, 0.0, 0.0], "he_so_an_toan": [1.44, 1.441, 1.442, 1.443], "xac_suat_FS_nho_hon_1": [0.0, 0.0, 0.0, 0.0], "do_doc": 30.8}}, {"type": "Feature", "geometry": {"type": "Point", "coordinates": [104.32495, 22.59444]}, "properties": {"loai": "diem", "id": "QL4E-0", "kv": "QL4E", "km": 0.0, "ngay": ["2026-10-07", "2026-10-08", "2026-10-09", "2026-10-10"], "muc": [0, 0, 0, 0], "mua_mm": [0.4, 0, 0, 5.2], "nguong_mm": [100.0, 100.0, 100.0, 100.0], "xac_suat_dat_nguong": [0.0, 0.0, 0.0, 0.0], "he_so_an_toan": [1.398, 1.4, 1.401, 1.402], "xac_suat_FS_nho_hon_1": [0.0, 0.0, 0.0, 0.0], "do_doc": 34.4}}, {"type": "Feature", "geometry": {"type": "Point", "coordinates": [104.31656, 22.56472]}, "properties": {"loai": "diem", "id": "QL4E-5", "kv": "QL4E", "km": 5.0, "ngay": ["2026-10-07", "2026-10-08", "2026-10-09", "2026-10-10"], "muc": [0, 0, 0, 0], "mua_mm": [0.4, 0, 0, 5.2], "nguong_mm": [100.0, 100.0, 100.0, 100.0], "xac_suat_dat_nguong": [0.0, 0.0, 0.0, 0.0], "he_so_an_toan": [1.527, 1.529, 1.53, 1.53], "xac_suat_FS_nho_hon_1": [0.0, 0.0, 0.0, 0.0], "do_doc": 27.1}}, {"type": "Feature", "geometry": {"type": "Point", "coordinates": [104.29208, 22.53816]}, "properties": {"loai": "diem", "id": "QL4E-10", "kv": "QL4E", "km": 10.0, "ngay": ["2026-10-07", "2026-10-08", "2026-10-09", "2026-10-10"], "muc": [0, 0, 0, 0], "mua_mm": [0.4, 0, 0, 5.2], "nguong_mm": [100.0, 100.0, 100.0, 100.0], "xac_suat_dat_nguong": [0.0, 0.0, 0.0, 0.0], "he_so_an_toan": [2.19, 2.192, 2.193, 2.194], "xac_suat_FS_nho_hon_1": [0.0, 0.0, 0.0, 0.0], "do_doc": 16.9}}, {"type": "Feature", "geometry": {"type": "Point", "coordinates": [104.2793, 22.50738]}, "properties": {"loai": "diem", "id": "QL4E-15", "kv": "QL4E", "km": 15.0, "ngay": ["2026-10-07", "2026-10-08", "2026-10-09", "2026-10-10"], "muc": [0, 0, 0, 0], "mua_mm": [0.4, 0, 0, 5.2], "nguong_mm": [100.0, 100.0, 100.0, 100.0], "xac_suat_dat_nguong": [0.0, 0.0, 0.0, 0.0], "he_so_an_toan": [1.452, 1.454, 1.455, 1.455], "xac_suat_FS_nho_hon_1": [0.0, 0.0, 0.0, 0.0], "do_doc": 30.1}}, {"type": "Feature", "geometry": {"type": "Point", "coordinates": [104.2717, 22.48197]}, "properties": {"loai": "diem", "id": "QL4E-20", "kv": "QL4E", "km": 20.0, "ngay": ["2026-10-07", "2026-10-08", "2026-10-09", "2026-10-10"], "muc": [0, 0, 0, 0], "mua_mm": [0.4, 0, 0, 5.2], "nguong_mm": [100.0, 100.0, 100.0, 100.0], "xac_suat_dat_nguong": [0.0, 0.0, 0.0, 0.0], "he_so_an_toan": [1.458, 1.46, 1.461, 1.461], "xac_suat_FS_nho_hon_1": [0.0, 0.0, 0.0, 0.0], "do_doc": 29.8}}, {"type": "Feature", "geometry": {"type": "Point", "coordinates": [104.26039, 22.45555]}, "properties": {"loai": "diem", "id": "QL4E-25", "kv": "QL4E", "km": 25.0, "ngay": ["2026-10-07", "2026-10-08", "2026-10-09", "2026-10-10"], "muc": [0, 0, 0, 0], "mua_mm": [0.4, 0, 0, 5.2], "nguong_mm": [100.0, 100.0, 100.0, 100.0], "xac_suat_dat_nguong": [0.0, 0.0, 0.0, 0.0], "he_so_an_toan": [1.512, 1.513, 1.515, 1.515], "xac_suat_FS_nho_hon_1": [0.0, 0.0, 0.0, 0.0], "do_doc": 27.6}}, {"type": "Feature", "geometry": {"type": "Point", "coordinates": [104.26447, 22.42602]}, "properties": {"loai": "diem", "id": "QL4E-30", "kv": "QL4E", "km": 30.0, "ngay": ["2026-10-07", "2026-10-08", "2026-10-09", "2026-10-10"], "muc": [0, 0, 0, 0], "mua_mm": [0.4, 0, 0, 5.2], "nguong_mm": [100.0, 100.0, 100.0, 100.0], "xac_suat_dat_nguong": [0.0, 0.0, 0.0, 0.0], "he_so_an_toan": [1.652, 1.653, 1.654, 1.655], "xac_suat_FS_nho_hon_1": [0.0, 0.0, 0.0, 0.0], "do_doc": 23.8}}, {"type": "Feature", "geometry": {"type": "Point", "coordinates": [104.24118, 22.39809]}, "properties": {"loai": "diem", "id": "QL4E-35", "kv": "QL4E", "km": 35.0, "ngay": ["2026-10-07", "2026-10-08", "2026-10-09", "2026-10-10"], "muc": [0, 0, 0, 0], "mua_mm": [0, 0, 0, 6.6], "nguong_mm": [100.0, 100.0, 100.0, 100.0], "xac_suat_dat_nguong": [0.0, 0.0, 0.0, 0.0], "he_so_an_toan": [1.638, 1.639, 1.641, 1.641], "xac_suat_FS_nho_hon_1": [0.0, 0.0, 0.0, 0.0], "do_doc": 24.1}}, {"type": "Feature", "geometry": {"type": "Point", "coordinates": [103.84267, 22.58908]}, "properties": {"loai": "diem", "id": "QL4E-40", "kv": "QL4E", "km": 40.0, "ngay": ["2026-10-07", "2026-10-08", "2026-10-09", "2026-10-10"], "muc": [0, 0, 0, 0], "mua_mm": [0, 0, 0, 0.8], "nguong_mm": [100.0, 100.0, 100.0, 100.0], "xac_suat_dat_nguong": [0.0, 0.0, 0.0, 0.0], "he_so_an_toan": [1.575, 1.576, 1.577, 1.578], "xac_suat_FS_nho_hon_1": [0.0, 0.0, 0.0, 0.0], "do_doc": 25.7}}, {"type": "Feature", "geometry": {"type": "Point", "coordinates": [103.8158, 22.6209]}, "properties": {"loai": "diem", "id": "QL4E-45", "kv": "QL4E", "km": 45.0, "ngay": ["2026-10-07", "2026-10-08", "2026-10-09", "2026-10-10"], "muc": [0, 0, 0, 0], "mua_mm": [0, 0, 0, 0.8], "nguong_mm": [100.0, 100.0, 100.0, 100.0], "xac_suat_dat_nguong": [0.0, 0.0, 0.0, 0.0], "he_so_an_toan": [1.703, 1.703, 1.704, 1.705], "xac_suat_FS_nho_hon_1": [0.0, 0.0, 0.0, 0.0], "do_doc": 22.8}}, {"type": "Feature", "geometry": {"type": "Point", "coordinates": [103.7836, 22.64406]}, "properties": {"loai": "diem", "id": "QL4E-50", "kv": "QL4E", "km": 50.0, "ngay": ["2026-10-07", "2026-10-08", "2026-10-09", "2026-10-10"], "muc": [0, 0, 0, 0], "mua_mm": [0, 0, 0, 0], "nguong_mm": [100.0, 100.0, 100.0, 100.0], "xac_suat_dat_nguong": [0.0, 0.0, 0.0, 0.0], "he_so_an_toan": [1.553, 1.554, 1.554, 1.555], "xac_suat_FS_nho_hon_1": [0.0, 0.0, 0.0, 0.0], "do_doc": 26.4}}, {"type": "Feature", "geometry": {"type": "Point", "coordinates": [103.76499, 22.67697]}, "properties": {"loai": "diem", "id": "QL4E-55", "kv": "QL4E", "km": 55.0, "ngay": ["2026-10-07", "2026-10-08", "2026-10-09", "2026-10-10"], "muc": [0, 0, 0, 0], "mua_mm": [0, 0, 0, 0], "nguong_mm": [100.0, 100.0, 100.0, 100.0], "xac_suat_dat_nguong": [0.0, 0.0, 0.0, 0.0], "he_so_an_toan": [1.581, 1.582, 1.583, 1.583], "xac_suat_FS_nho_hon_1": [0.0, 0.0, 0.0, 0.0], "do_doc": 25.6}}, {"type": "Feature", "geometry": {"type": "Point", "coordinates": [103.73609, 22.70657]}, "properties": {"loai": "diem", "id": "QL4E-60", "kv": "QL4E", "km": 60.0, "ngay": ["2026-10-07", "2026-10-08", "2026-10-09", "2026-10-10"], "muc": [0, 0, 0, 0], "mua_mm": [0, 0, 0, 0], "nguong_mm": [100.0, 100.0, 100.0, 100.0], "xac_suat_dat_nguong": [0.0, 0.0, 0.0, 0.0], "he_so_an_toan": [1.438, 1.439, 1.439, 1.44], "xac_suat_FS_nho_hon_1": [0.0, 0.0, 0.0, 0.0], "do_doc": 31.1}}, {"type": "Feature", "geometry": {"type": "Point", "coordinates": [103.70911, 22.73698]}, "properties": {"loai": "diem", "id": "QL4E-65", "kv": "QL4E", "km": 65.0, "ngay": ["2026-10-07", "2026-10-08", "2026-10-09", "2026-10-10"], "muc": [0, 0, 0, 0], "mua_mm": [0, 0, 0, 0], "nguong_mm": [100.0, 100.0, 100.0, 100.0], "xac_suat_dat_nguong": [0.0, 0.0, 0.0, 0.0], "he_so_an_toan": [1.426, 1.427, 1.427, 1.428], "xac_suat_FS_nho_hon_1": [0.0, 0.0, 0.0, 0.0], "do_doc": 31.9}}, {"type": "Feature", "geometry": {"type": "Point", "coordinates": [103.6766, 22.76479]}, "properties": {"loai": "diem", "id": "QL4E-70", "kv": "QL4E", "km": 70.0, "ngay": ["2026-10-07", "2026-10-08", "2026-10-09", "2026-10-10"], "muc": [0, 0, 0, 0], "mua_mm": [0, 0, 0, 0], "nguong_mm": [100.0, 100.0, 100.0, 100.0], "xac_suat_dat_nguong": [0.0, 0.0, 0.0, 0.0], "he_so_an_toan": [1.408, 1.409, 1.409, 1.41], "xac_suat_FS_nho_hon_1": [0.0, 0.0, 0.0, 0.0], "do_doc": 33.6}}, {"type": "Feature", "geometry": {"type": "Point", "coordinates": [103.64973, 22.78882]}, "properties": {"loai": "diem", "id": "QL4E-75", "kv": "QL4E", "km": 75.0, "ngay": ["2026-10-07", "2026-10-08", "2026-10-09", "2026-10-10"], "muc": [0, 0, 0, 0], "mua_mm": [0, 0, 0, 0], "nguong_mm": [100.0, 100.0, 100.0, 100.0], "xac_suat_dat_nguong": [0.0, 0.0, 0.0, 0.0], "he_so_an_toan": [1.398, 1.399, 1.4, 1.4], "xac_suat_FS_nho_hon_1": [0.0, 0.0, 0.0, 0.0], "do_doc": 35.4}}, {"type": "Feature", "geometry": {"type": "Point", "coordinates": [104.06086, 22.39283]}, "properties": {"loai": "diem", "id": "QL4E-80", "kv": "QL4E", "km": 80.0, "ngay": ["2026-10-07", "2026-10-08", "2026-10-09", "2026-10-10"], "muc": [0, 0, 0, 0], "mua_mm": [0, 0, 0, 0.8], "nguong_mm": [100.0, 100.0, 100.0, 100.0], "xac_suat_dat_nguong": [0.0, 0.0, 0.0, 0.0], "he_so_an_toan": [1.871, 1.872, 1.873, 1.874], "xac_suat_FS_nho_hon_1": [0.0, 0.0, 0.0, 0.0], "do_doc": 20.0}}, {"type": "Feature", "geometry": {"type": "Point", "coordinates": [104.08908, 22.36431]}, "properties": {"loai": "diem", "id": "QL4E-85", "kv": "QL4E", "km": 85.0, "ngay": ["2026-10-07", "2026-10-08", "2026-10-09", "2026-10-10"], "muc": [0, 0, 0, 0], "mua_mm": [0, 0, 0, 0.8], "nguong_mm": [100.0, 100.0, 100.0, 100.0], "xac_suat_dat_nguong": [0.0, 0.0, 0.0, 0.0], "he_so_an_toan": [1.676, 1.677, 1.678, 1.679], "xac_suat_FS_nho_hon_1": [0.0, 0.0, 0.0, 0.0], "do_doc": 23.3}}, {"type": "Feature", "geometry": {"type": "Point", "coordinates": [104.12481, 22.35037]}, "properties": {"loai": "diem", "id": "QL4E-90", "kv": "QL4E", "km": 90.0, "ngay": ["2026-10-07", "2026-10-08", "2026-10-09", "2026-10-10"], "muc": [0, 0, 0, 0], "mua_mm": [0, 0, 0, 6.6], "nguong_mm": [100.0, 100.0, 100.0, 100.0], "xac_suat_dat_nguong": [0.0, 0.0, 0.0, 0.0], "he_so_an_toan": [1.612, 1.613, 1.615, 1.615], "xac_suat_FS_nho_hon_1": [0.0, 0.0, 0.0, 0.0], "do_doc": 24.7}}, {"type": "Feature", "geometry": {"type": "Point", "coordinates": [104.16637, 22.33268]}, "properties": {"loai": "diem", "id": "QL4E-95", "kv": "QL4E", "km": 95.0, "ngay": ["2026-10-07", "2026-10-08", "2026-10-09", "2026-10-10"], "muc": [0, 0, 0, 0], "mua_mm": [0, 0, 0, 6.6], "nguong_mm": [100.0, 100.0, 100.0, 100.0], "xac_suat_dat_nguong": [0.0, 0.0, 0.0, 0.0], "he_so_an_toan": [2.551, 2.553, 2.555, 2.556], "xac_suat_FS_nho_hon_1": [0.0, 0.0, 0.0, 0.0], "do_doc": 14.4}}, {"type": "Feature", "geometry": {"type": "Point", "coordinates": [103.84284, 22.58895]}, "properties": {"loai": "diem", "id": "QL4E-100", "kv": "QL4E", "km": 100.0, "ngay": ["2026-10-07", "2026-10-08", "2026-10-09", "2026-10-10"], "muc": [0, 0, 0, 0], "mua_mm": [0, 0, 0, 0.8], "nguong_mm": [100.0, 100.0, 100.0, 100.0], "xac_suat_dat_nguong": [0.0, 0.0, 0.0, 0.0], "he_so_an_toan": [1.575, 1.576, 1.577, 1.578], "xac_suat_FS_nho_hon_1": [0.0, 0.0, 0.0, 0.0], "do_doc": 25.7}}, {"type": "Feature", "geometry": {"type": "Point", "coordinates": [103.86972, 22.55509]}, "properties": {"loai": "diem", "id": "QL4E-105", "kv": "QL4E", "km": 105.0, "ngay": ["2026-10-07", "2026-10-08", "2026-10-09", "2026-10-10"], "muc": [0, 0, 0, 0], "mua_mm": [0, 0, 0, 0.8], "nguong_mm": [100.0, 100.0, 100.0, 100.0], "xac_suat_dat_nguong": [0.0, 0.0, 0.0, 0.0], "he_so_an_toan": [1.489, 1.491, 1.491, 1.492], "xac_suat_FS_nho_hon_1": [0.0, 0.0, 0.0, 0.0], "do_doc": 28.5}}, {"type": "Feature", "geometry": {"type": "Point", "coordinates": [103.90257, 22.5251]}, "properties": {"loai": "diem", "id": "QL4E-110", "kv": "QL4E", "km": 110.0, "ngay": ["2026-10-07", "2026-10-08", "2026-10-09", "2026-10-10"], "muc": [0, 0, 0, 0], "mua_mm": [0, 0, 0, 0.8], "nguong_mm": [100.0, 100.0, 100.0, 100.0], "xac_suat_dat_nguong": [0.0, 0.0, 0.0, 0.0], "he_so_an_toan": [2.109, 2.11, 2.111, 2.112], "xac_suat_FS_nho_hon_1": [0.0, 0.0, 0.0, 0.0], "do_doc": 17.6}}, {"type": "Feature", "geometry": {"type": "Point", "coordinates": [103.9428, 22.51143]}, "properties": {"loai": "diem", "id": "QL4E-115", "kv": "QL4E", "km": 115.0, "ngay": ["2026-10-07", "2026-10-08", "2026-10-09", "2026-10-10"], "muc": [0, 0, 0, 0], "mua_mm": [0, 0, 0, 0.8], "nguong_mm": [100.0, 100.0, 100.0, 100.0], "xac_suat_dat_nguong": [0.0, 0.0, 0.0, 0.0], "he_so_an_toan": [1.785, 1.787, 1.788, 1.788], "xac_suat_FS_nho_hon_1": [0.0, 0.0, 0.0, 0.0], "do_doc": 21.3}}, {"type": "Feature", "geometry": {"type": "Point", "coordinates": [104.24352, 22.38006]}, "properties": {"loai": "diem", "id": "QL4E-120", "kv": "QL4E", "km": 120.0, "ngay": ["2026-10-07", "2026-10-08", "2026-10-09", "2026-10-10"], "muc": [0, 0, 0, 0], "mua_mm": [0, 0, 0, 6.6], "nguong_mm": [100.0, 100.0, 100.0, 100.0], "xac_suat_dat_nguong": [0.0, 0.0, 0.0, 0.0], "he_so_an_toan": [1.536, 1.538, 1.539, 1.539], "xac_suat_FS_nho_hon_1": [0.0, 0.0, 0.0, 0.0], "do_doc": 26.8}}, {"type": "Feature", "geometry": {"type": "Point", "coordinates": [104.2167, 22.35134]}, "properties": {"loai": "diem", "id": "QL4E-125", "kv": "QL4E", "km": 125.0, "ngay": ["2026-10-07", "2026-10-08", "2026-10-09", "2026-10-10"], "muc": [0, 0, 0, 0], "mua_mm": [0, 0, 0, 6.6], "nguong_mm": [100.0, 100.0, 100.0, 100.0], "xac_suat_dat_nguong": [0.0, 0.0, 0.0, 0.0], "he_so_an_toan": [1.434, 1.436, 1.437, 1.437], "xac_suat_FS_nho_hon_1": [0.0, 0.0, 0.0, 0.0], "do_doc": 31.1}}, {"type": "Feature", "geometry": {"type": "Point", "coordinates": [104.19086, 22.32085]}, "properties": {"loai": "diem", "id": "QL4E-130", "kv": "QL4E", "km": 130.0, "ngay": ["2026-10-07", "2026-10-08", "2026-10-09", "2026-10-10"], "muc": [0, 0, 0, 0], "mua_mm": [0, 0, 0, 6.6], "nguong_mm": [100.0, 100.0, 100.0, 100.0], "xac_suat_dat_nguong": [0.0, 0.0, 0.0, 0.0], "he_so_an_toan": [1.523, 1.525, 1.526, 1.527], "xac_suat_FS_nho_hon_1": [0.0, 0.0, 0.0, 0.0], "do_doc": 27.2}}, {"type": "Feature", "geometry": {"type": "Point", "coordinates": [104.00358, 22.44585]}, "properties": {"loai": "diem", "id": "QL4E-135", "kv": "QL4E", "km": 135.0, "ngay": ["2026-10-07", "2026-10-08", "2026-10-09", "2026-10-10"], "muc": [0, 0, 0, 0], "mua_mm": [0, 0, 0, 0.8], "nguong_mm": [100.0, 100.0, 100.0, 100.0], "xac_suat_dat_nguong": [0.0, 0.0, 0.0, 0.0], "he_so_an_toan": [3.348, 3.35, 3.352, 3.353], "xac_suat_FS_nho_hon_1": [0.0, 0.0, 0.0, 0.0], "do_doc": 10.9}}, {"type": "Feature", "geometry": {"type": "Point", "coordinates": [103.98352, 22.47114]}, "properties": {"loai": "diem", "id": "QL4E-140", "kv": "QL4E", "km": 140.0, "ngay": ["2026-10-07", "2026-10-08", "2026-10-09", "2026-10-10"], "muc": [0, 0, 0, 0], "mua_mm": [0, 0, 0, 0.8], "nguong_mm": [100.0, 100.0, 100.0, 100.0], "xac_suat_dat_nguong": [0.0, 0.0, 0.0, 0.0], "he_so_an_toan": [1.864, 1.865, 1.866, 1.867], "xac_suat_FS_nho_hon_1": [0.0, 0.0, 0.0, 0.0], "do_doc": 20.1}}]}